Alpha,,,,,,,,,,,,
KX512810,,,,,,,,,,,,
MT576083,,,,,,,,,,,,
NC_030292,,,,,,,,,,,,1619
FJ755618,,,,,,,,,,,,1551
MN535737,,,,,,,,,,,,
NC_038861,,,,,,,,,,,,
KR270796,,,,,,,,,,,,
KY370053,,,,,,,,,,,,
EU074218,,,,,,,,,,,,
NC_028806,,,,,,,,,,,,
MN165107,,,,,,,,,,,,
KY566211,,,,,,,,,,,,
KU215426,,,,,,,,,,,,
JN183882,,,,,,,,,,,,
KX722530,,,,,,,,,,,,
NC_002306,,,,,,,,,,,,
NC_034972,,,,,,,,,,,,
JN634064,,,,,,,,,,,,
EU186072,,,,,,,,,,,,
KF294380,,,,,,,,,,,,
MG923574,,,,,,,,,,,,
MZ328299,,,,,,,,,,,,
MH687937,,,,,,,,,,,,
MN065811,,,,,,,,,,,,
MK472071,,,,,,,,,,,,
MK994937,,,,,,,,,,,,
NC_009988,,,,,,,,,,,,
MF370205,,,,,,,,,,,,
MH687967,,,,,,,,,,,,
KY770851,,,,,,,,,,,,
KR095279,,,,,,,,,,,,
MN611522,,,,,,,,,,,,
MK720944,,,,,,,,,,,,
EF203065,,,,,,,,,,,,
NC_048211,,,,,,,,,,,,
MF577027,,,,,,,,,,,,
KU847996,,,,,,,,,,,,
MK472067,,,,,,,,,,,,
KR265845,,,,,,,,,,,,
KT021233,,,,,,,,,,,,
JQ410000,,,,,,,,,,,,
MG837058,,,,,,,,,,,,
NC_018871,,,,,,,,,,,,
LC654455,,,,,,,,,,,,
MH748550,,,,,,,,,,,,
NC_035191,,,,,,,,,,,,
MG916904,,,,,,,,,,,,
KY073748,,,,,,,,,,,,
JX647847,,,,,,,,,,,,
MW924112,,,,,,,,,,,,
JX503061,,,,,,,,,,,,
MK720945,,,,,,,,,,,,
KP162057,,,,,,,,,,,,
MK032691,,,,,,,,,,,,
MH938448,,,,,,,,,,,,
KX534205,,,,,,,,,,,,
KY486714,,,,,,,,,,,,
NC_022103,,,,,,,,,,,,
NC_028833,,,,,,,,,,,,
NC_010438,,,,,,,,,,,,
NC_028811,,,,,,,,,,,,
MZ081383,,,,,,,,,,,,
KX580953,,,,,,,,,,,,
LT545990,,,,,,,,,,,,
LC053455,,,,,,,,,,,,
MZ328298,,,,,,,,,,,,
,,,,,,,,,,,,
MG916903,,,,,,,,,,,,
MK211373,,,,,,,,,,,,
MZ081388,,,,,,,,,,,,
MZ293742,,,,,,,,,,,,
MG916901,,,,,,,,,,,,
MZ081386,,,,,,,,,,,,
MZ081384,,,,,,,,,,,,
MZ081387,,,,,,,,,,,,
MZ293745,,,,,,,,,,,,
MZ081385,,,,,,,,,,,,
MZ293750,,,,,,,,,,,,
MZ293746,,,,,,,,,,,,
MZ293748,,,,,,,,,,,,
MZ293747,,,,,,,,,,,,
MZ293751,,,,,,,,,,,,
MK720946,,,,,,,,,,,,
MZ293749,,,,,,,,,,,,
HQ728486,,,,,,,,,,,,
MK472070,,,,,,,,,,,,
OL807611,,,,,,,,,,,,
OL807610,,,,,,,,,,,,
OL807609,,,,,,,,,,,,
MH687957,,,,,,,,,,,,
MH687946,,,,,,,,,,,,
MH687942,,,,,,,,,,,,
MH687948,,,,,,,,,,,,
MH687945,,,,,,,,,,,,
MF807952,,,,,,,,,,,,
MK644601,,,,,,,,,,,,
LT898435,,,,,,,,,,,,
LT898436,,,,,,,,,,,,
OL762458,,,,,,,,,,,,
KP403954,,,,,,,,,,,,
MF782687,,,,,,,,,,,,
MH687962,,,,,,,,,,,,
MH061342,,,,,,,,,,,,
LC022792,,,,,,,,,,,,
LC063828,,,,,,,,,,,,
MH687947,,,,,,,,,,,,
KF430219,,,,,,,,,,,,
MZ293733,,,,,,,,,,,,
MK472069,,,,,,,,,,,,
OM030318,,,,,,,,,,,,
MH687952,,,,,,,,,,,,
MH687950,,,,,,,,,,,,
MH687940,,,,,,,,,,,,
MH687949,,,,,,,,,,,,
KF294382,,,,,,,,,,,,
MH687953,,,,,,,,,,,,
MH687951,,,,,,,,,,,,
MH687939,,,,,,,,,,,,
MH687936,,,,,,,,,,,,
MH687959,,,,,,,,,,,,
KY799179,,,,,,,,,,,,
MZ328300,,,,,,,,,,,,
HQ728484,,,,,,,,,,,,
MZ293734,,,,,,,,,,,,
OL956935,,,,,,,,,,,,
KJ473809,,,,,,,,,,,,
MN482242,,,,,,,,,,,,
KJ473795,,,,,,,,,,,,
NC_046964,,,,,,,,,,,,
MH938450,,,,,,,,,,,,
KJ473796,,,,,,,,,,,,
EU420138,,,,,,,,,,,,
OM480510,,,,,,,,,,,,
HQ728480,,,,,,,,,,,,
KJ473797,,,,,,,,,,,,
MN611518,,,,,,,,,,,,
KJ473800,,,,,,,,,,,,
KJ473799,,,,,,,,,,,,
KJ473798,,,,,,,,,,,,
MN611523,,,,,,,,,,,,
KJ473807,,,,,,,,,,,,
MZ081391,,,,,,,,,,,,
MZ081389,,,,,,,,,,,,
OM219639,,,,,,,,,,,,
MZ081390,,,,,,,,,,,,
JQ989267,,,,,,,,,,,,
JQ989268,,,,,,,,,,,,
JQ989266,,,,,,,,,,,,
JQ989269,,,,,,,,,,,,
JQ989271,,,,,,,,,,,,
JQ989273,,,,,,,,,,,,
MZ081392,,,,,,,,,,,,
MZ081393,,,,,,,,,,,,
MZ081394,,,,,,,,,,,,
MZ081395,,,,,,,,,,,,
JQ989272,,,,,,,,,,,,
MN611525,,,,,,,,,,,,
MG916902,,,,,,,,,,,,
KU215423,,,,,,,,,,,,
FJ938060,,,,,,,,,,,,
KU215420,,,,,,,,,,,,
KU215424,,,,,,,,,,,,
KU215425,,,,,,,,,,,,
MT239439,,,,,,,,,,,,
GQ152141,,,,,,,,,,,,
KC461236,,,,,,,,,,,,
DQ286389,,,,,,,,,,,,
JQ408980,,,,,,,,,,,,
KC461237,,,,,,,,,,,,
JQ408981,,,,,,,,,,,,
AY994055,,,,,,,,,,,,
DQ010921,,,,,,,,,,,,
MW030109,,,,,,,,,,,,
KC461235,,,,,,,,,,,,
KC175339,,,,,,,,,,,,
OM451122,,,,,,,,,,,,
EU856361,,,,,,,,,,,,
EU856362,,,,,,,,,,,,
MN719179,,,,,,,,,,,,
KP849472,,,,,,,,,,,,
MT114542,,,,,,,,,,,,
OM451123,,,,,,,,,,,,
MT906864,,,,,,,,,,,,
MT114543,,,,,,,,,,,,
MT114541,,,,,,,,,,,,
MT114540,,,,,,,,,,,,
KC175341,,,,,,,,,,,,
KC175340,,,,,,,,,,,,
MT114544,,,,,,,,,,,,
MT114539,,,,,,,,,,,,
MT114538,,,,,,,,,,,,
JQ404409,,,,,,,,,,,,
KP981644,,,,,,,,,,,,
KY063616,,,,,,,,,,,,
KY063617,,,,,,,,,,,,
KY063618,,,,,,,,,,,,
JQ404410,,,,,,,,,,,,
JN856008,,,,,,,,,,,,
MT821905,,,,,,,,,,,,
MN692770,,,,,,,,,,,,
KR061459,,,,,,,,,,,,
KY406735,,,,,,,,,,,,
OM950728,,,,,,,,,,,,
OM950729,,,,,,,,,,,,
MT906865,,,,,,,,,,,,
GQ477367,,,,,,,,,,,,
OM830321,,,,,,,,,,,,
DQ811787,,,,,,,,,,,,
OM830319,,,,,,,,,,,,
OM830318,,,,,,,,,,,,
OM830320,,,,,,,,,,,,
DQ390461,,,,,,,,,,,,
MW591993,,,,,,,,,,,,
MZ420153,,,,,,,,,,,,
KX900396,,,,,,,,,,,,
DQ443743,,,,,,,,,,,,
OM802899,,,,,,,,,,,,
KX083668,,,,,,,,,,,,
KU729220,,,,,,,,,,,,
KX900402,,,,,,,,,,,,
KX900393,,,,,,,,,,,,
DQ811788,,,,,,,,,,,,
MZ368889,,,,,,,,,,,,
KC962433,,,,,,,,,,,,
KX900410,,,,,,,,,,,,
KX900407,,,,,,,,,,,,
KX900404,,,,,,,,,,,,
KX900406,,,,,,,,,,,,
KX900405,,,,,,,,,,,,
KX900398,,,,,,,,,,,,
KX900403,,,,,,,,,,,,
KX900401,,,,,,,,,,,,
KX900400,,,,,,,,,,,,
KX900395,,,,,,,,,,,,
KX900397,,,,,,,,,,,,
KX900399,,,,,,,,,,,,
DQ201447,,,,,,,,,,,,
KT696544,,,,,,,,,,,,
MT522161,,,,,,,,,,,,
DQ811785,,,,,,,,,,,,
,,,,,,,,,,,,
KX512810,,,,,,,,,,,,
LC215871,,,,,,,,,,,,
,,,,,,,,,,,,
KX512809,,,,,,,,,,,,
GU338457,,,,,,,,,,,,
MF113046,,,,,,,,,,,,
MN535736,,,,,,,,,,,,
MW248736,,,,,,,,,,,,
,,,,,,,,,,,,
HM245926,,,,,,,,,,,,
,,,,,,,,,,,,
,,,,,,,,,,,,
,,,,,,,,,,,,
,,,,,,,,,,,,
,,,,,,,,,,,,
KX900409,,,,,,,,,,,,
KX900408,,,,,,,,,,,,
KX900411,,,,,,,,,,,,
KX722529,,,,,,,,,,,,
,,,,,,,,,,,,
,,,,,,,,,,,,
HQ392472,,,,,,,,,,,,
,,,,,,,,,,,,
KF530123,,,,,,,,,,,,
KY566209,,,,,,,,,,,,
,,,,,,,,,,,,
,,,,,,,,,,,,
MW308128,,,,,,,,,,,,
,,,,,,,,,,,,
KY566210,,,,,,,,,,,,
MW030110,,,,,,,,,,,,
HQ012372,,,,,,,,,,,,
,,,,,,,,,,,,
KX900394,,,,,,,,,,,,
KX499468,,,,,,,,,,,,
DQ811789,,,,,,,,,,,,
,,,,,,,,,,,,
MT576083,,,,,,,,,,,,
,,,,,,,,,,,,
,,,,,,,,,,,,
HQ462571,,,,,,,,,,,,
KP202848,,,,,,,,,,,,
,,,,,,,,,,,,
GU553362,,,,,,,,,,,,
,,,,,,,,,,,,
MW030108,,,,,,,,,,,,
Z34093,,,,,,,,,,,,
MT239440,,,,,,,,,,,,
,,,,,,,,,,,,
FJ938056,,,,,,,,,,,,
MG893511,,,,,,,,,,,,
,,,,,,,,,,,,
,,,,,,,,,,,,
,,,,,,,,,,,,
,,,,,,,,,,,,
,,,,,,,,,,,,
,,,,,,,,,,,,
KY292377,,,,,,,,,,,,
,,,,,,,,,,,,
,,,,,,,,,,,,
,,,,,,,,,,,,
MT444152,,,,,,,,,,,,
MH817484,,,,,,,,,,,,
KP143511,,,,,,,,,,,,
,,,,,,,,,,,,
KP143512,,,,,,,,,,,,
KP143509,,,,,,,,,,,,
KP143507,,,,,,,,,,,,
KP143510,,,,,,,,,,,,
DQ848678,,,,,,,,,,,,
NC_046955,,,,,,,,,,,,
KJ473808,,,,,,,,,,,,
MZ081398,,,,,,,,,,,,
,,,,,,,,,,,,
KU343196,,,,,,,,,,,,
,,,,,,,,,,,,
MT121216,,,,,,,,,,,,
,,,,,,,,,,,,
MN535733,,,,,,,,,,,,
EU420137,,,,,,,,,,,,
OL405716,,,,,,,,,,,,
OL405715,,,,,,,,,,,,
OL405714,,,,,,,,,,,,
KF294374,,,,,,,,,,,,
KF294373,,,,,,,,,,,,
KF294378,,,,,,,,,,,,
KF294377,,,,,,,,,,,,
KF294376,,,,,,,,,,,,
KF294375,,,,,,,,,,,,
MZ218052,,,,,,,,,,,,
MN482243,,,,,,,,,,,,
MN535731,,,,,,,,,,,,
AJ011482,,,,,,,,,,,,
LC119077,,,,,,,,,,,,
,,,,,,,,,,,,
,,,,,,,,,,,,
,,,,,,,,,,,,
,,,,,,,,,,,,
,,,,,,,,,,,,
HM245925,,,,,,,,,,,,
,,,,,,,,,,,,
LC029419,,,,,,,,,,,,
FJ938055,,,,,,,,,,,,
FJ938062,,,,,,,,,,,,
FJ938052,,,,,,,,,,,,
FJ938059,,,,,,,,,,,,
,,,,,,,,,,,,
,,,,,,,,,,,,
,,,,,,,,,,,,
,,,,,,,,,,,,
FJ938053,,,,,,,,,,,,
HQ012371,,,,,,,,,,,,
,,,,,,,,,,,,
HQ392469,,,,,,,,,,,,
,,,,,,,,,,,,
,,,,,,,,,,,,
FJ938054,,,,,,,,,,,,
FJ938058,,,,,,,,,,,,
,,,,,,,,,,,,
HQ012370,,,,,,,,,,,,
,,,,,,,,,,,,
,,,,,,,,,,,,
,,,,,,,,,,,,
HQ012369,,,,,,,,,,,,
,,,,,,,,,,,,
,,,,,,,,,,,,
,,,,,,,,,,,,
GU553361,,,,,,,,,,,,
,,,,,,,,,,,,
JN183883,,,,,,,,,,,,
FJ938051,,,,,,,,,,,,
,,,,,,,,,,,,
,,,,,,,,,,,,
HQ392471,,,,,,,,,,,,
,,,,,,,,,,,,
DQ811786,,,,,,,,,,,,
,,,,,,,,,,,,
,,,,,,,,,,,,
,,,,,,,,,,,,
HQ012368,,,,,,,,,,,,
,,,,,,,,,,,,
,,,,,,,,,,,,
KU215419,,,,,,,,,,,,
KU215428,,,,,,,,,,,,
KU215427,,,,,,,,,,,,
KU215422,,,,,,,,,,,,
KU215421,,,,,,,,,,,,
FJ938061,,,,,,,,,,,,
,,,,,,,,,,,,
HQ392470,,,,,,,,,,,,
FJ938057,,,,,,,,,,,,
HQ012367,,,,,,,,,,,,
,,,,,,,,,,,,
,,,,,,,,,,,,
,,,,,,,,,,,,
KP143508,,,,,,,,,,,,
,,,,,,,,,,,,
,,,,,,,,,,,,
,,,,,,,,,,,,
,,,,,,,,,,,,
,,,,,,,,,,,,
,,,,,,,,,,,,
,,,,,,,,,,,,
,,,,,,,,,,,,
MZ081397,,,,,,,,,,,,
,,,,,,,,,,,,
MT084071,,,,,,,,,,,,
,,,,,,,,,,,,
KJ473802,,,,,,,,,,,,
,,,,,,,,,,,,
KX689261,,,,,,,,,,,,
MF457591,,,,,,,,,,,,
KX964649,,,,,,,,,,,,
MT820625,,,,,,,,,,,,
MZ328302,,,,,,,,,,,,
KY370054,,,,,,,,,,,,
KY370045,,,,,,,,,,,,
MW802582,,,,,,,,,,,,
KY370050,,,,,,,,,,,,
MT820627,,,,,,,,,,,,
NC_032730,,,,,,,,,,,,
MT820626,,,,,,,,,,,,
MZ328301,,,,,,,,,,,,
MT549854,,,,,,,,,,,,
MK163627,,,,,,,,,,,,
OK655840,,,,,,,,,,,,
MZ577265,,,,,,,,,,,,
KF294379,,,,,,,,,,,,
MK249068,,,,,,,,,,,,
KJ473806,,,,,,,,,,,,
MK249069,,,,,,,,,,,,
MZ081399,,,,,,,,,,,,
KM888164,,,,,,,,,,,,
KT368908,,,,,,,,,,,,
MZ081396,,,,,,,,,,,,
KT368916,,,,,,,,,,,,
KT368899,,,,,,,,,,,,
KT368897,,,,,,,,,,,,
KT368896,,,,,,,,,,,,
MF593473,,,,,,,,,,,,
KT368906,,,,,,,,,,,,
KU291449,,,,,,,,,,,,
MW249018,,,,,,,,,,,,
MZ293736,,,,,,,,,,,,
OL807608,,,,,,,,,,,,
KT368900,,,,,,,,,,,,
EF203067,,,,,,,,,,,,
EF203066,,,,,,,,,,,,
MF094687,,,,,,,,,,,,
EU769557,,,,,,,,,,,,
MT039232,,,,,,,,,,,,
MT039231,,,,,,,,,,,,
MT199591,,,,,,,,,,,,
MK994935,,,,,,,,,,,,
MK994934,,,,,,,,,,,,
MK977618,,,,,,,,,,,,
MG605091,,,,,,,,,,,,
MG605090,,,,,,,,,,,,
MH615810,,,,,,,,,,,,
MF769441,,,,,,,,,,,,
MF769428,,,,,,,,,,,,
MF769424,,,,,,,,,,,,
MF769420,,,,,,,,,,,,
MF769417,,,,,,,,,,,,
MF094683,,,,,,,,,,,,
MF094682,,,,,,,,,,,,
MF094681,,,,,,,,,,,,
MG557844,,,,,,,,,,,,
MF167434,,,,,,,,,,,,
OM994417,,,,,,,,,,,,
MW727454,,,,,,,,,,,,
OK078018,,,,,,,,,,,,
OK078017,,,,,,,,,,,,
MT294722,,,,,,,,,,,,
MT747188,,,,,,,,,,,,
MT199592,,,,,,,,,,,,
MK994936,,,,,,,,,,,,
MK651076,,,,,,,,,,,,
MH539766,,,,,,,,,,,,
MG742313,,,,,,,,,,,,
MF769419,,,,,,,,,,,,
MF769418,,,,,,,,,,,,
MF094684,,,,,,,,,,,,
MT747187,,,,,,,,,,,,
MT747186,,,,,,,,,,,,
MF094688,,,,,,,,,,,,
KY770850,,,,,,,,,,,,
MN535734,,,,,,,,,,,,
KY770857,,,,,,,,,,,,
KF294278,,,,,,,,,,,,
KU182955,,,,,,,,,,,,
DQ249235,,,,,,,,,,,,
DQ249213,,,,,,,,,,,,
MF094685,,,,,,,,,,,,
KF294268,,,,,,,,,,,,
KY770856,,,,,,,,,,,,
MK472068,,,,,,,,,,,,
KJ473810,,,,,,,,,,,,
MW165329,,,,,,,,,,,,
KR809885,,,,,,,,,,,,
MK138516,,,,,,,,,,,,
MF737355,,,,,,,,,,,,
MK644603,,,,,,,,,,,,
MH726374,,,,,,,,,,,,
MH004420,,,,,,,,,,,,
MW560717,,,,,,,,,,,,
MH726373,,,,,,,,,,,,
MH061336,,,,,,,,,,,,
KU982981,,,,,,,,,,,,
MW560716,,,,,,,,,,,,
OL762456,,,,,,,,,,,,
MT490316,,,,,,,,,,,,
MT490315,,,,,,,,,,,,
JN825712,,,,,,,,,,,,
MH726372,,,,,,,,,,,,
JX524137,,,,,,,,,,,,
MH052687,,,,,,,,,,,,
MH052683,,,,,,,,,,,,
MW560715,,,,,,,,,,,,
OL762461,,,,,,,,,,,,
MH726376,,,,,,,,,,,,
MF782686,,,,,,,,,,,,
KU982976,,,,,,,,,,,,
MH726375,,,,,,,,,,,,
JQ023161,,,,,,,,,,,,
MH726407,,,,,,,,,,,,
MH726406,,,,,,,,,,,,
MH726367,,,,,,,,,,,,
KR818833,,,,,,,,,,,,
KU836638,,,,,,,,,,,,
ON325310,,,,,,,,,,,,
KJ473803,,,,,,,,,,,,
KM888168,,,,,,,,,,,,
MF094686,,,,,,,,,,,,
KM888163,,,,,,,,,,,,
KM888162,,,,,,,,,,,,
ON378804,,,,,,,,,,,,
KU739071,,,,,,,,,,,,
HQ728485,,,,,,,,,,,,
MH687941,,,,,,,,,,,,
KM888165,,,,,,,,,,,,
DQ249224,,,,,,,,,,,,
,,,,,,,,,,,,
,,,,,,,,,,,,
MN535732,,,,,,,,,,,,
MG923573,,,,,,,,,,,,
ON325309,,,,,,,,,,,,
ON378806,,,,,,,,,,,,
MG923571,,,,,,,,,,,,
MN611521,,,,,,,,,,,,
MH687935,,,,,,,,,,,,
MH687943,,,,,,,,,,,,
MK211369,,,,,,,,,,,,
NC_009657,,,,,,,,,,,,
MK211372,,,,,,,,,,,,
MH687961,,,,,,,,,,,,
MH687934,,,,,,,,,,,,
MK211370,,,,,,,,,,,,
MH687956,,,,,,,,,,,,
MH687944,,,,,,,,,,,,
MK211371,,,,,,,,,,,,
MH687954,,,,,,,,,,,,
MH687965,,,,,,,,,,,,
MH687938,,,,,,,,,,,,
MH687964,,,,,,,,,,,,
MH687963,,,,,,,,,,,,
MH687955,,,,,,,,,,,,
MH687966,,,,,,,,,,,,
MH013465,,,,,,,,,,,,
KR265760,,,,,,,,,,,,
MG334554,,,,,,,,,,,,
KR265800,,,,,,,,,,,,
MG334555,,,,,,,,,,,,
KJ645683,,,,,,,,,,,,
MK071627,,,,,,,,,,,,
LC063846,,,,,,,,,,,,
LC063845,,,,,,,,,,,,
LC063844,,,,,,,,,,,,
KM609208,,,,,,,,,,,,
KJ399978,,,,,,,,,,,,
MK071629,,,,,,,,,,,,
MH726369,,,,,,,,,,,,
MH726366,,,,,,,,,,,,
MH006961,,,,,,,,,,,,
MH006959,,,,,,,,,,,,
MH004415,,,,,,,,,,,,
KY825241,,,,,,,,,,,,
KU982975,,,,,,,,,,,,
KU982972,,,,,,,,,,,,
KM975737,,,,,,,,,,,,
KR265832,,,,,,,,,,,,
KR265779,,,,,,,,,,,,
KR265769,,,,,,,,,,,,
LC063847,,,,,,,,,,,,
KR873435,,,,,,,,,,,,
KR873434,,,,,,,,,,,,
KR873431,,,,,,,,,,,,
KJ645644,,,,,,,,,,,,
KJ662670,,,,,,,,,,,,
KJ778615,,,,,,,,,,,,
KU982973,,,,,,,,,,,,
MK071623,,,,,,,,,,,,
MH726368,,,,,,,,,,,,
MH013462,,,,,,,,,,,,
KY825240,,,,,,,,,,,,
KU893873,,,,,,,,,,,,
MW165328,,,,,,,,,,,,
MW165327,,,,,,,,,,,,
KU380331,,,,,,,,,,,,
KF294381,,,,,,,,,,,,
ON378805,,,,,,,,,,,,
MK334046,,,,,,,,,,,,
LC488389,,,,,,,,,,,,
JQ765563,,,,,,,,,,,,
DQ445912,,,,,,,,,,,,
LC687397,,,,,,,,,,,,
KF530112,,,,,,,,,,,,
JX524171,,,,,,,,,,,,
JQ765569,,,,,,,,,,,,
JQ765565,,,,,,,,,,,,
JQ765564,,,,,,,,,,,,
MG428702,,,,,,,,,,,,
MK334047,,,,,,,,,,,,
MG428706,,,,,,,,,,,,
MG428705,,,,,,,,,,,,
MG428704,,,,,,,,,,,,
MG428700,,,,,,,,,,,,
MG428699,,,,,,,,,,,,
MG772808,,,,,,,,,,,,
KY983586,,,,,,,,,,,,
LC687402,,,,,,,,,,,,
LC687401,,,,,,,,,,,,
LC687394,,,,,,,,,,,,
JQ765570,,,,,,,,,,,,
MG428703,,,,,,,,,,,,
MG428701,,,,,,,,,,,,
KY554968,,,,,,,,,,,,
KY554967,,,,,,,,,,,,
KY674916,,,,,,,,,,,,
KY674915,,,,,,,,,,,,
KT266906,,,,,,,,,,,,
MZ682627,,,,,,,,,,,,
LC687395,,,,,,,,,,,,
OK625405,,,,,,,,,,,,
MW202338,,,,,,,,,,,,
LC488390,,,,,,,,,,,,
MT118686,,,,,,,,,,,,
JX104161,,,,,,,,,,,,
JX504050,,,,,,,,,,,,
JQ765575,,,,,,,,,,,,
KY554970,,,,,,,,,,,,
MW202337,,,,,,,,,,,,
JQ765566,,,,,,,,,,,,
KY829118,,,,,,,,,,,,
KY554969,,,,,,,,,,,,
KF530110,,,,,,,,,,,,
KF530104,,,,,,,,,,,,
JQ765574,,,,,,,,,,,,
JQ765573,,,,,,,,,,,,
JQ765568,,,,,,,,,,,,
DQ445911,,,,,,,,,,,,
NC_005831,,,,,,,,,,,,
MK334044,,,,,,,,,,,,
KY554971,,,,,,,,,,,,
MT118694,,,,,,,,,,,,
LC687396,,,,,,,,,,,,
KF530105,,,,,,,,,,,,
JQ765567,,,,,,,,,,,,
FJ211861,,,,,,,,,,,,
KU521535,,,,,,,,,,,,
JQ765571,,,,,,,,,,,,
KX179500,,,,,,,,,,,,
KT381875,,,,,,,,,,,,
AY518894,,,,,,,,,,,,
JQ765572,,,,,,,,,,,,
MN026166,,,,,,,,,,,,
MH828487,,,,,,,,,,,,
OL410610,,,,,,,,,,,,
OL410609,,,,,,,,,,,,
MN306018,,,,,,,,,,,,
,,,,,,,,,,,,
,,,,,,,,,,,,
,,,,,,,,,,,,
,,,,,,,,,,,,
KT346372,,,,,,,,,,,,
KY420075,,,,,,,,,,,,
OM814174,,,,,,,,,,,,
,,,,,,,,,,,,
MT843277,,,,,,,,,,,,
MN315264,,,,,,,,,,,,
,,,,,,,,,,,,
MG781192,,,,,,,,,,,,
MT783684,,,,,,,,,,,,
MZ596343,,,,,,,,,,,,
MT843280,,,,,,,,,,,,
MN644470,,,,,,,,,,,,
MH726408,,,,,,,,,,,,
KX534206,,,,,,,,,,,,
KP403802,,,,,,,,,,,,
KJ158152,,,,,,,,,,,,
JX560761,,,,,,,,,,,,
MT843279,,,,,,,,,,,,
KP728470,,,,,,,,,,,,
KC109141,,,,,,,,,,,,
KC210146,,,,,,,,,,,,
MN486588,,,,,,,,,,,,
MH726392,,,,,,,,,,,,
MH726390,,,,,,,,,,,,
MH004414,,,,,,,,,,,,
KF761675,,,,,,,,,,,,
,,,,,,,,,,,,
MH726391,,,,,,,,,,,,
KY649107,,,,,,,,,,,,
KT021229,,,,,,,,,,,,
KT021228,,,,,,,,,,,,
JX489155,,,,,,,,,,,,
JX188454,,,,,,,,,,,,
MK644604,,,,,,,,,,,,
MH726387,,,,,,,,,,,,
MH726385,,,,,,,,,,,,
LT906620,,,,,,,,,,,,
MW386982,,,,,,,,,,,,
MT547180,,,,,,,,,,,,
KT021230,,,,,,,,,,,,
KX791060,,,,,,,,,,,,
KT021232,,,,,,,,,,,,
KT021231,,,,,,,,,,,,
MZ581326,,,,,,,,,,,,
MH726404,,,,,,,,,,,,
MH726403,,,,,,,,,,,,
KP765609,,,,,,,,,,,,
MH726393,,,,,,,,,,,,
KM089829,,,,,,,,,,,,
,,,,,,,,,,,,
MN611524,,,,,,,,,,,,
KR265804,,,,,,,,,,,,
KJ645688,,,,,,,,,,,,
MF807951,,,,,,,,,,,,
MK032692,,,,,,,,,,,,
MH726383,,,,,,,,,,,,
KR061458,,,,,,,,,,,,
KM609205,,,,,,,,,,,,
KM975740,,,,,,,,,,,,
MH726381,,,,,,,,,,,,
MH006962,,,,,,,,,,,,
MH726382,,,,,,,,,,,,
MH726380,,,,,,,,,,,,
KP890336,,,,,,,,,,,,
KC196276,,,,,,,,,,,,
MH006960,,,,,,,,,,,,
MH006958,,,,,,,,,,,,
MH061339,,,,,,,,,,,,
KJ645655,,,,,,,,,,,,
KJ645649,,,,,,,,,,,,
KX812523,,,,,,,,,,,,
KM975739,,,,,,,,,,,,
KM403155,,,,,,,,,,,,
KJ645635,,,,,,,,,,,,
KM975738,,,,,,,,,,,,
MT090145,,,,,,,,,,,,
MN114121,,,,,,,,,,,,
LT898440,,,,,,,,,,,,
LT898411,,,,,,,,,,,,
KR265759,,,,,,,,,,,,
KJ645704,,,,,,,,,,,,
MK071637,,,,,,,,,,,,
LT898426,,,,,,,,,,,,
KX883635,,,,,,,,,,,,
KM392232,,,,,,,,,,,,
KJ645696,,,,,,,,,,,,
KJ645695,,,,,,,,,,,,
MZ268115,,,,,,,,,,,,
MN692778,,,,,,,,,,,,
MN692774,,,,,,,,,,,,
MN692771,,,,,,,,,,,,
MK071638,,,,,,,,,,,,
MK071636,,,,,,,,,,,,
MK071635,,,,,,,,,,,,
MK071634,,,,,,,,,,,,
MK071632,,,,,,,,,,,,
MK071631,,,,,,,,,,,,
MK071624,,,,,,,,,,,,
MK071620,,,,,,,,,,,,
MK071619,,,,,,,,,,,,
LT900502,,,,,,,,,,,,
LT900501,,,,,,,,,,,,
MT338517,,,,,,,,,,,,
MT602520,,,,,,,,,,,,
MK862249,,,,,,,,,,,,
,,,,,,,,,,,,
MH687958,,,,,,,,,,,,
MH687960,,,,,,,,,,,,
KU646831,,,,,,,,,,,,
KR818832,,,,,,,,,,,,
JX112709,,,,,,,,,,,,
MK584552,,,,,,,,,,,,
MH726388,,,,,,,,,,,,
MH726384,,,,,,,,,,,,
MK138353,,,,,,,,,,,,
MN759311,,,,,,,,,,,,
JQ023162,,,,,,,,,,,,
MH052689,,,,,,,,,,,,
MH243316,,,,,,,,,,,,
KU982978,,,,,,,,,,,,
KR265793,,,,,,,,,,,,
MK796238,,,,,,,,,,,,
MH243318,,,,,,,,,,,,
MH004418,,,,,,,,,,,,
MH004417,,,,,,,,,,,,
KR265843,,,,,,,,,,,,
KC140102,,,,,,,,,,,,
LC063835,,,,,,,,,,,,
LC063834,,,,,,,,,,,,
KU982970,,,,,,,,,,,,
KU982969,,,,,,,,,,,,
KM975736,,,,,,,,,,,,
LC063833,,,,,,,,,,,,
KJ645679,,,,,,,,,,,,
MZ803010,,,,,,,,,,,,
LC063839,,,,,,,,,,,,
KP202365,,,,,,,,,,,,
MN841671,,,,,,,,,,,,
MT303066,,,,,,,,,,,,
MT843278,,,,,,,,,,,,
LT906582,,,,,,,,,,,,
LT905451,,,,,,,,,,,,
LT897799,,,,,,,,,,,,
KX839246,,,,,,,,,,,,
AF353511,,,,,,,,,,,,
MH726370,,,,,,,,,,,,
LT905450,,,,,,,,,,,,
KX839251,,,,,,,,,,,,
KX839249,,,,,,,,,,,,
KU664503,,,,,,,,,,,,
KM887144,,,,,,,,,,,,
KM242131,,,,,,,,,,,,
KX839248,,,,,,,,,,,,
MK644605,,,,,,,,,,,,
LT906581,,,,,,,,,,,,
MG605084,,,,,,,,,,,,
MT199596,,,,,,,,,,,,
MG605085,,,,,,,,,,,,
MT199595,,,,,,,,,,,,
MG605086,,,,,,,,,,,,
MT199593,,,,,,,,,,,,
MT199594,,,,,,,,,,,,
KU182954,,,,,,,,,,,,
DQ249236,,,,,,,,,,,,
MF094693,,,,,,,,,,,,
MF094696,,,,,,,,,,,,
MF094692,,,,,,,,,,,,
MF094690,,,,,,,,,,,,
MF769407,,,,,,,,,,,,
MF769415,,,,,,,,,,,,
MF769414,,,,,,,,,,,,
MK032690,,,,,,,,,,,,
KT860508,,,,,,,,,,,,
KJ645702,,,,,,,,,,,,
KT591944,,,,,,,,,,,,
DQ648791,,,,,,,,,,,,
DQ648792,,,,,,,,,,,,
MK894847,,,,,,,,,,,,
KU982980,,,,,,,,,,,,
MT547179,,,,,,,,,,,,
KT323979,,,,,,,,,,,,
KR265817,,,,,,,,,,,,
KY770854,,,,,,,,,,,,
OL415262,,,,,,,,,,,,
OL415261,,,,,,,,,,,,
MZ293738,,,,,,,,,,,,
MZ293737,,,,,,,,,,,,
OL410608,,,,,,,,,,,,
NC_048216,,,,,,,,,,,,
OL410607,,,,,,,,,,,,
KY073746,,,,,,,,,,,,
AB691765,,,,,,,,,,,,
AB691766,,,,,,,,,,,,
AB691764,,,,,,,,,,,,
OL762460,,,,,,,,,,,,
OL762459,,,,,,,,,,,,
OL762457,,,,,,,,,,,,
MK702008,,,,,,,,,,,,
MH061343,,,,,,,,,,,,
OL411879,,,,,,,,,,,,
KY770852,,,,,,,,,,,,
,,,,,,,,,,,,
MH726371,,,,,,,,,,,,
MK409657,,,,,,,,,,,,
KX550281,,,,,,,,,,,,
LM645057,,,,,,,,,,,,
LM645058,,,,,,,,,,,,
KR265786,,,,,,,,,,,,
KC210147,,,,,,,,,,,,
KM975741,,,,,,,,,,,,
MK409658,,,,,,,,,,,,
LT900500,,,,,,,,,,,,
KY070587,,,,,,,,,,,,
LT898447,,,,,,,,,,,,
MH726363,,,,,,,,,,,,
MH726362,,,,,,,,,,,,
LT898444,,,,,,,,,,,,
LT898445,,,,,,,,,,,,
LT898425,,,,,,,,,,,,
MG837011,,,,,,,,,,,,
MK409659,,,,,,,,,,,,
LT898413,,,,,,,,,,,,
LT898410,,,,,,,,,,,,
MH061340,,,,,,,,,,,,
LT898415,,,,,,,,,,,,
LT898414,,,,,,,,,,,,
LT898446,,,,,,,,,,,,
KU252649,,,,,,,,,,,,
LT898443,,,,,,,,,,,,
LT898433,,,,,,,,,,,,
LT898432,,,,,,,,,,,,
LT898417,,,,,,,,,,,,
LT898438,,,,,,,,,,,,
LT898427,,,,,,,,,,,,
LT898423,,,,,,,,,,,,
MN692772,,,,,,,,,,,,
KF452322,,,,,,,,,,,,
KR011756,,,,,,,,,,,,
JX088695,,,,,,,,,,,,
LT898420,,,,,,,,,,,,
LT898408,,,,,,,,,,,,
KF840537,,,,,,,,,,,,
KC210145,,,,,,,,,,,,
LT898418,,,,,,,,,,,,
LT898416,,,,,,,,,,,,
KJ777677,,,,,,,,,,,,
MN692775,,,,,,,,,,,,
MT646162,,,,,,,,,,,,
LT898409,,,,,,,,,,,,
KF468752,,,,,,,,,,,,
MN692780,,,,,,,,,,,,
KU558701,,,,,,,,,,,,
MT787025,,,,,,,,,,,,
MK606369,,,,,,,,,,,,
LT898439,,,,,,,,,,,,
MW561264,,,,,,,,,,,,
MN971596,,,,,,,,,,,,
KY793536,,,,,,,,,,,,
KR153325,,,,,,,,,,,,
KR153326,,,,,,,,,,,,
LT898431,,,,,,,,,,,,
LT898421,,,,,,,,,,,,
MH107322,,,,,,,,,,,,
KU558702,,,,,,,,,,,,
KR265788,,,,,,,,,,,,
MK071621,,,,,,,,,,,,
MK071622,,,,,,,,,,,,
KF530109,,,,,,,,,,,,
KF530107,,,,,,,,,,,,
KU982979,,,,,,,,,,,,
KJ645646,,,,,,,,,,,,
KY967724,,,,,,,,,,,,
KY967725,,,,,,,,,,,,
KY967726,,,,,,,,,,,,
KY967723,,,,,,,,,,,,
KY967734,,,,,,,,,,,,
KY967735,,,,,,,,,,,,
KY967733,,,,,,,,,,,,
MZ328303,,,,,,,,,,,,
KF294385,,,,,,,,,,,,
KF294384,,,,,,,,,,,,
KY967722,,,,,,,,,,,,
KY967721,,,,,,,,,,,,
KF294386,,,,,,,,,,,,
KY967720,,,,,,,,,,,,
KF530106,,,,,,,,,,,,
MK334045,,,,,,,,,,,,
MH828488,,,,,,,,,,,,
LC050184,,,,,,,,,,,,
KM055629,,,,,,,,,,,,
KY862019,,,,,,,,,,,,
KY862018,,,,,,,,,,,,
KY862016,,,,,,,,,,,,
KM055620,,,,,,,,,,,,
KY862030,,,,,,,,,,,,
KY862025,,,,,,,,,,,,
KY862024,,,,,,,,,,,,
KY862020,,,,,,,,,,,,
KY862015,,,,,,,,,,,,
KY862032,,,,,,,,,,,,
KY862026,,,,,,,,,,,,
KY862017,,,,,,,,,,,,
KM055619,,,,,,,,,,,,
KM055616,,,,,,,,,,,,
KY862031,,,,,,,,,,,,
KY862022,,,,,,,,,,,,
KY862034,,,,,,,,,,,,
KY862033,,,,,,,,,,,,
MF996662,,,,,,,,,,,,
MF996661,,,,,,,,,,,,
KY967716,,,,,,,,,,,,
KY967719,,,,,,,,,,,,
KY967718,,,,,,,,,,,,
KY967727,,,,,,,,,,,,
LC050185,,,,,,,,,,,,
KY967730,,,,,,,,,,,,
LC050192,,,,,,,,,,,,
LC050189,,,,,,,,,,,,
KY967731,,,,,,,,,,,,
LC050191,,,,,,,,,,,,
LC050188,,,,,,,,,,,,
LC050186,,,,,,,,,,,,
,,,,,,,,,,,,
EF434381,,,,,,,,,,,,
MT090146,,,,,,,,,,,,
KT941120,,,,,,,,,,,,
KM609210,,,,,,,,,,,,
KM609211,,,,,,,,,,,,
KY928065,,,,,,,,,,,,
MK071633,,,,,,,,,,,,
MG983755,,,,,,,,,,,,
MT263014,,,,,,,,,,,,
MT198679,,,,,,,,,,,,
MZ342899,,,,,,,,,,,,
MH726386,,,,,,,,,,,,
MH107321,,,,,,,,,,,,
MN037494,,,,,,,,,,,,
MK288006,,,,,,,,,,,,
KM609207,,,,,,,,,,,,
MK559454,,,,,,,,,,,,
KJ408801,,,,,,,,,,,,
KF650374,,,,,,,,,,,,
KF650373,,,,,,,,,,,,
KM189367,,,,,,,,,,,,
KJ777678,,,,,,,,,,,,
KF804028,,,,,,,,,,,,
KF650375,,,,,,,,,,,,
KF272920,,,,,,,,,,,,
MK559456,,,,,,,,,,,,
KJ184549,,,,,,,,,,,,
KJ196348,,,,,,,,,,,,
KF452323,,,,,,,,,,,,
KF650370,,,,,,,,,,,,
KF468754,,,,,,,,,,,,
KM052365,,,,,,,,,,,,
MF462814,,,,,,,,,,,,
KX066126,,,,,,,,,,,,
KM975735,,,,,,,,,,,,
KM392228,,,,,,,,,,,,
KM392227,,,,,,,,,,,,
KF650372,,,,,,,,,,,,
KF650371,,,,,,,,,,,,
KR078300,,,,,,,,,,,,
KM392226,,,,,,,,,,,,
KF267450,,,,,,,,,,,,
KY499262,,,,,,,,,,,,
KX683006,,,,,,,,,,,,
KU975389,,,,,,,,,,,,
KM392230,,,,,,,,,,,,
KM392229,,,,,,,,,,,,
KY825243,,,,,,,,,,,,
KY825242,,,,,,,,,,,,
KY499261,,,,,,,,,,,,
KM077139,,,,,,,,,,,,
KJ584361,,,,,,,,,,,,
KF468753,,,,,,,,,,,,
KJ526096,,,,,,,,,,,,
KM392231,,,,,,,,,,,,
KM609203,,,,,,,,,,,,
KJ778616,,,,,,,,,,,,
KU893861,,,,,,,,,,,,
KJ473801,,,,,,,,,,,,
KY783848,,,,,,,,,,,,
KY783847,,,,,,,,,,,,
KY783851,,,,,,,,,,,,
KY783846,,,,,,,,,,,,
EF434380,,,,,,,,,,,,
KY783849,,,,,,,,,,,,
KY783845,,,,,,,,,,,,
KY783850,,,,,,,,,,,,
KJ473804,,,,,,,,,,,,
KF294281,,,,,,,,,,,,
KF294280,,,,,,,,,,,,
KF294276,,,,,,,,,,,,
KF294279,,,,,,,,,,,,
KF294273,,,,,,,,,,,,
KU343207,,,,,,,,,,,,
KU343202,,,,,,,,,,,,
KP876518,,,,,,,,,,,,
KU343201,,,,,,,,,,,,
GU937797,,,,,,,,,,,,
KX839250,,,,,,,,,,,,
KU343208,,,,,,,,,,,,
KU343205,,,,,,,,,,,,
KU343206,,,,,,,,,,,,
KU343204,,,,,,,,,,,,
MK250953,,,,,,,,,,,,
KM609212,,,,,,,,,,,,
MH891588,,,,,,,,,,,,
KP641663,,,,,,,,,,,,
KP641662,,,,,,,,,,,,
MN692773,,,,,,,,,,,,
MN692776,,,,,,,,,,,,
MN692777,,,,,,,,,,,,
MN692779,,,,,,,,,,,,
KR003452,,,,,,,,,,,,
MZ313557,,,,,,,,,,,,
KU297956,,,,,,,,,,,,
MK071630,,,,,,,,,,,,
MK071626,,,,,,,,,,,,
MK071625,,,,,,,,,,,,
MK071639,,,,,,,,,,,,
KY111278,,,,,,,,,,,,
KY019623,,,,,,,,,,,,
MN692781,,,,,,,,,,,,
KX289955,,,,,,,,,,,,
MN692782,,,,,,,,,,,,
MN692783,,,,,,,,,,,,
MZ325487,,,,,,,,,,,,
MZ325485,,,,,,,,,,,,
MZ325484,,,,,,,,,,,,
MZ313556,,,,,,,,,,,,
MN692791,,,,,,,,,,,,
KP688354,,,,,,,,,,,,
KR265761,,,,,,,,,,,,
MH726377,,,,,,,,,,,,
MH004419,,,,,,,,,,,,
KT199103,,,,,,,,,,,,
KY007140,,,,,,,,,,,,
MT625963,,,,,,,,,,,,
MH726379,,,,,,,,,,,,
MH726378,,,,,,,,,,,,
MK841495,,,,,,,,,,,,
MK841494,,,,,,,,,,,,
MH726402,,,,,,,,,,,,
KR078299,,,,,,,,,,,,
KM392225,,,,,,,,,,,,
KM392224,,,,,,,,,,,,
KU893862,,,,,,,,,,,,
MN692785,,,,,,,,,,,,
KX981440,,,,,,,,,,,,
KU893865,,,,,,,,,,,,
KU893863,,,,,,,,,,,,
KU893864,,,,,,,,,,,,
KU893872,,,,,,,,,,,,
KU893870,,,,,,,,,,,,
KU893869,,,,,,,,,,,,
KR265842,,,,,,,,,,,,
KR265841,,,,,,,,,,,,
KU893868,,,,,,,,,,,,
KU893867,,,,,,,,,,,,
KU893866,,,,,,,,,,,,
KX580958,,,,,,,,,,,,
MG546690,,,,,,,,,,,,
KM609213,,,,,,,,,,,,
,,,,,,,,,,,,
KR265824,,,,,,,,,,,,
KJ645640,,,,,,,,,,,,
KR265783,,,,,,,,,,,,
KU569509,,,,,,,,,,,,
KR265792,,,,,,,,,,,,
KR265813,,,,,,,,,,,,
KJ645647,,,,,,,,,,,,
KU982966,,,,,,,,,,,,
KR265819,,,,,,,,,,,,
KJ645637,,,,,,,,,,,,
KJ645677,,,,,,,,,,,,
KJ645643,,,,,,,,,,,,
KJ645642,,,,,,,,,,,,
KJ645639,,,,,,,,,,,,
KJ645638,,,,,,,,,,,,
KJ645651,,,,,,,,,,,,
KR265771,,,,,,,,,,,,
KR265812,,,,,,,,,,,,
KR265787,,,,,,,,,,,,
KJ645650,,,,,,,,,,,,
KR265816,,,,,,,,,,,,
KR265794,,,,,,,,,,,,
KR265767,,,,,,,,,,,,
KJ645708,,,,,,,,,,,,
KJ645666,,,,,,,,,,,,
KJ645686,,,,,,,,,,,,
KJ645674,,,,,,,,,,,,
KJ645661,,,,,,,,,,,,
KR265772,,,,,,,,,,,,
KR265814,,,,,,,,,,,,
KJ645678,,,,,,,,,,,,
KJ645673,,,,,,,,,,,,
KR265798,,,,,,,,,,,,
KR265773,,,,,,,,,,,,
KJ645697,,,,,,,,,,,,
KJ645687,,,,,,,,,,,,
KR265797,,,,,,,,,,,,
KJ645701,,,,,,,,,,,,
KR265829,,,,,,,,,,,,
KR265791,,,,,,,,,,,,
KR265811,,,,,,,,,,,,
KR265782,,,,,,,,,,,,
MF373643,,,,,,,,,,,,
KR265789,,,,,,,,,,,,
MT659926,,,,,,,,,,,,
KP641661,,,,,,,,,,,,
KR265790,,,,,,,,,,,,
KR265820,,,,,,,,,,,,
KR265764,,,,,,,,,,,,
KR265781,,,,,,,,,,,,
LC063836,,,,,,,,,,,,
KJ645705,,,,,,,,,,,,
KJ645658,,,,,,,,,,,,
KJ645672,,,,,,,,,,,,
KJ645664,,,,,,,,,,,,
KR265830,,,,,,,,,,,,
KJ645663,,,,,,,,,,,,
KJ645682,,,,,,,,,,,,
KJ645648,,,,,,,,,,,,
KR265827,,,,,,,,,,,,
KJ645693,,,,,,,,,,,,
KJ645681,,,,,,,,,,,,
KJ645680,,,,,,,,,,,,
KR265806,,,,,,,,,,,,
KR265775,,,,,,,,,,,,
KR265774,,,,,,,,,,,,
KR265768,,,,,,,,,,,,
LC063811,,,,,,,,,,,,
KY929406,,,,,,,,,,,,
KR265808,,,,,,,,,,,,
KR265805,,,,,,,,,,,,
KR265777,,,,,,,,,,,,
KR265776,,,,,,,,,,,,
KR265810,,,,,,,,,,,,
MZ293735,,,,,,,,,,,,
KY929405,,,,,,,,,,,,
KR265780,,,,,,,,,,,,
KY073747,,,,,,,,,,,,
KT253272,,,,,,,,,,,,
KT368901,,,,,,,,,,,,
MT683617,,,,,,,,,,,,
KF760557,,,,,,,,,,,,
KT323980,,,,,,,,,,,,
JQ282909,,,,,,,,,,,,
MH726364,,,,,,,,,,,,
MH726365,,,,,,,,,,,,
KJ645665,,,,,,,,,,,,
KJ645657,,,,,,,,,,,,
KJ645670,,,,,,,,,,,,
KJ645653,,,,,,,,,,,,
KT253324,,,,,,,,,,,,
KT368894,,,,,,,,,,,,
KT368895,,,,,,,,,,,,
NC_028752,,,,,,,,,,,,
KT368898,,,,,,,,,,,,
KT368905,,,,,,,,,,,,
KT368904,,,,,,,,,,,,
KT368902,,,,,,,,,,,,
KT368893,,,,,,,,,,,,
KT368892,,,,,,,,,,,,
KT368910,,,,,,,,,,,,
KT368909,,,,,,,,,,,,
KT368911,,,,,,,,,,,,
KT368912,,,,,,,,,,,,
KT368903,,,,,,,,,,,,
KT368914,,,,,,,,,,,,
KT368915,,,,,,,,,,,,
KT368913,,,,,,,,,,,,
KT253328,,,,,,,,,,,,
KT253327,,,,,,,,,,,,
KT253326,,,,,,,,,,,,
KT253325,,,,,,,,,,,,
OK662398,,,,,,,,,,,,
NC_002645,,,,,,,,,,,,
MZ712010,,,,,,,,,,,,
OK625404,,,,,,,,,,,,
KF514430,,,,,,,,,,,,
KF514433,,,,,,,,,,,,
KF293664,,,,,,,,,,,,
KF293666,,,,,,,,,,,,
KF514432,,,,,,,,,,,,
MW532107,,,,,,,,,,,,
JX503060,,,,,,,,,,,,
MW532106,,,,,,,,,,,,
KY996417,,,,,,,,,,,,
AB691767,,,,,,,,,,,,
KY684760,,,,,,,,,,,,
MW202340,,,,,,,,,,,,
KY983587,,,,,,,,,,,,
MW532103,,,,,,,,,,,,
MT797634,,,,,,,,,,,,
MW532104,,,,,,,,,,,,
KY967357,,,,,,,,,,,,
MT118677,,,,,,,,,,,,
MW587037,,,,,,,,,,,,
MN306046,,,,,,,,,,,,
MW532105,,,,,,,,,,,,
KY369908,,,,,,,,,,,,
KY369912,,,,,,,,,,,,
MF542265,,,,,,,,,,,,
KY369913,,,,,,,,,,,,
KY674919,,,,,,,,,,,,
KY369914,,,,,,,,,,,,
LC654446,,,,,,,,,,,,
MW587035,,,,,,,,,,,,
MT438697,,,,,,,,,,,,
MT438698,,,,,,,,,,,,
ON791801,,,,,,,,,,,,
KY369911,,,,,,,,,,,,
KY369910,,,,,,,,,,,,
LC654445,,,,,,,,,,,,
KY621348,,,,,,,,,,,,
MT438696,,,,,,,,,,,,
KU291448,,,,,,,,,,,,
MT438700,,,,,,,,,,,,
MH828489,,,,,,,,,,,,
MN369046,,,,,,,,,,,,
MT438699,,,,,,,,,,,,
KY674914,,,,,,,,,,,,
MW039392,,,,,,,,,,,,
KY369909,,,,,,,,,,,,
X69721,,,,,,,,,,,,
MN611517,,,,,,,,,,,,
MW587038,,,,,,,,,,,,
KT253269,,,,,,,,,,,,
KT253270,,,,,,,,,,,,
KF514429,,,,,,,,,,,,
KF514431,,,,,,,,,,,,
KT253271,,,,,,,,,,,,
DQ243964,,,,,,,,,,,,
DQ243966,,,,,,,,,,,,
,,,,,,,,,,,,
KC189944,,,,,,,,,,,,
KJ645641,,,,,,,,,,,,
KJ645699,,,,,,,,,,,,
KJ645698,,,,,,,,,,,,
KJ645667,,,,,,,,,,,,
KJ645652,,,,,,,,,,,,
KJ645636,,,,,,,,,,,,
KR265785,,,,,,,,,,,,
KJ645689,,,,,,,,,,,,
KJ645684,,,,,,,,,,,,
KJ645668,,,,,,,,,,,,
KJ645656,,,,,,,,,,,,
KJ645645,,,,,,,,,,,,
KJ645685,,,,,,,,,,,,
KJ645660,,,,,,,,,,,,
KR265825,,,,,,,,,,,,
KR265822,,,,,,,,,,,,
KR265807,,,,,,,,,,,,
KR265763,,,,,,,,,,,,
KR265815,,,,,,,,,,,,
KJ645703,,,,,,,,,,,,
KR265778,,,,,,,,,,,,
KR265770,,,,,,,,,,,,
KR265802,,,,,,,,,,,,
KJ645707,,,,,,,,,,,,
KJ645706,,,,,,,,,,,,
KR265823,,,,,,,,,,,,
KR265795,,,,,,,,,,,,
KR265799,,,,,,,,,,,,
KJ645700,,,,,,,,,,,,
KJ645691,,,,,,,,,,,,
KJ645671,,,,,,,,,,,,
KR265844,,,,,,,,,,,,
KJ645669,,,,,,,,,,,,
KJ645690,,,,,,,,,,,,
KJ645694,,,,,,,,,,,,
LC063819,,,,,,,,,,,,
HQ728481,,,,,,,,,,,,
EF185992,,,,,,,,,,,,
KR610991,,,,,,,,,,,,
KX839247,,,,,,,,,,,,
KY486713,,,,,,,,,,,,
MF375374,,,,,,,,,,,,
MH052685,,,,,,,,,,,,
KX064280,,,,,,,,,,,,
MK140814,,,,,,,,,,,,
MK334043,,,,,,,,,,,,
KF530114,,,,,,,,,,,,
KF530108,,,,,,,,,,,,
KF530111,,,,,,,,,,,,
KF530113,,,,,,,,,,,,
MN306040,,,,,,,,,,,,
KY073744,,,,,,,,,,,,
MG428707,,,,,,,,,,,,
JQ771057,,,,,,,,,,,,
JQ771055,,,,,,,,,,,,
JQ771059,,,,,,,,,,,,
JQ771056,,,,,,,,,,,,
JQ771060,,,,,,,,,,,,
MW587039,,,,,,,,,,,,
LC488388,,,,,,,,,,,,
KY862036,,,,,,,,,,,,
KY862038,,,,,,,,,,,,
KY862040,,,,,,,,,,,,
KY862037,,,,,,,,,,,,
KY862043,,,,,,,,,,,,
KY862041,,,,,,,,,,,,
KY862039,,,,,,,,,,,,
KY862049,,,,,,,,,,,,
KY862042,,,,,,,,,,,,
KY862054,,,,,,,,,,,,
KY862053,,,,,,,,,,,,
KY862052,,,,,,,,,,,,
MH726389,,,,,,,,,,,,
MH708895,,,,,,,,,,,,
JX261936,,,,,,,,,,,,
MK392335,,,,,,,,,,,,
KM609204,,,,,,,,,,,,
KF384500,,,,,,,,,,,,
KJ960180,,,,,,,,,,,,
KJ960178,,,,,,,,,,,,
KJ960179,,,,,,,,,,,,
MH726399,,,,,,,,,,,,
MH726400,,,,,,,,,,,,
MH726396,,,,,,,,,,,,
MH726398,,,,,,,,,,,,
MH726397,,,,,,,,,,,,
MH726401,,,,,,,,,,,,
MH726395,,,,,,,,,,,,
MH726394,,,,,,,,,,,,
MF346935,,,,,,,,,,,,
OM393722,,,,,,,,,,,,
MH581489,,,,,,,,,,,,
MK690502,,,,,,,,,,,,
MK606368,,,,,,,,,,,,
MH243319,,,,,,,,,,,,
MH004412,,,,,,,,,,,,
KR265834,,,,,,,,,,,,
KR265828,,,,,,,,,,,,
LC063815,,,,,,,,,,,,
KU982967,,,,,,,,,,,,
KU982974,,,,,,,,,,,,
KY862021,,,,,,,,,,,,
OL405717,,,,,,,,,,,,
HQ585086,,,,,,,,,,,,
JX537911,,,,,,,,,,,,
JF414933,,,,,,,,,,,,
HQ585081,,,,,,,,,,,,
JF414934,,,,,,,,,,,,
HQ585082,,,,,,,,,,,,
HQ585083,,,,,,,,,,,,
JX537914,,,,,,,,,,,,
HQ585087,,,,,,,,,,,,
MZ218060,,,,,,,,,,,,
KY502384,,,,,,,,,,,,
KY502383,,,,,,,,,,,,
KY502387,,,,,,,,,,,,
KY502391,,,,,,,,,,,,
HQ585084,,,,,,,,,,,,
KY502400,,,,,,,,,,,,
HQ585088,,,,,,,,,,,,
HQ585090,,,,,,,,,,,,
HQ585089,,,,,,,,,,,,
HQ585085,,,,,,,,,,,,
HQ585091,,,,,,,,,,,,
KY502389,,,,,,,,,,,,
KY502394,,,,,,,,,,,,
HQ585095,,,,,,,,,,,,
KY502402,,,,,,,,,,,,
HQ585093,,,,,,,,,,,,
KY502386,,,,,,,,,,,,
HQ585092,,,,,,,,,,,,
HQ585094,,,,,,,,,,,,
KC117184,,,,,,,,,,,,
HQ585096,,,,,,,,,,,,
MH061337,,,,,,,,,,,,
MK644602,,,,,,,,,,,,
MW587036,,,,,,,,,,,,
MN488636,,,,,,,,,,,,
JN547228,,,,,,,,,,,,
MK032689,,,,,,,,,,,,
MK482397,,,,,,,,,,,,
MK482396,,,,,,,,,,,,
KR265796,,,,,,,,,,,,
KJ645692,,,,,,,,,,,,
MH061341,,,,,,,,,,,,
MH726405,,,,,,,,,,,,
MT166307,,,,,,,,,,,,
KM609206,,,,,,,,,,,,
DQ249228,,,,,,,,,,,,
MZ325486,,,,,,,,,,,,
KF294282,,,,,,,,,,,,
MN692784,,,,,,,,,,,,
MN692788,,,,,,,,,,,,
MH708243,,,,,,,,,,,,
MN692786,,,,,,,,,,,,
KC020182,,,,,,,,,,,,
LC063810,,,,,,,,,,,,
LC063817,,,,,,,,,,,,
MH006963,,,,,,,,,,,,
MH006965,,,,,,,,,,,,
MT338518,,,,,,,,,,,,
LC063821,,,,,,,,,,,,
LC063820,,,,,,,,,,,,
KR265821,,,,,,,,,,,,
KR265809,,,,,,,,,,,,
KR265803,,,,,,,,,,,,
KR265784,,,,,,,,,,,,
KR265765,,,,,,,,,,,,
KU182966,,,,,,,,,,,,
ON378803,,,,,,,,,,,,
MG546687,,,,,,,,,,,,
KM609209,,,,,,,,,,,,
GU338456,,,,,,,,,,,,
DQ340562,,,,,,,,,,,,
EF192159,,,,,,,,,,,,
LC029423,,,,,,,,,,,,
KX722531,,,,,,,,,,,,
JF260915,,,,,,,,,,,,
JF260916,,,,,,,,,,,,
GU459059,,,,,,,,,,,,
KP288503,,,,,,,,,,,,
KP288502,,,,,,,,,,,,
DQ340561,,,,,,,,,,,,
GU459060,,,,,,,,,,,,
GU459057,,,,,,,,,,,,
LC029422,,,,,,,,,,,,
GU459058,,,,,,,,,,,,
JX878440,,,,,,,,,,,,
JX878441,,,,,,,,,,,,
JX878438,,,,,,,,,,,,
JX878439,,,,,,,,,,,,
KC609371,,,,,,,,,,,,
AY587882,,,,,,,,,,,,
S51223,,,,,,,,,,,,
Z24675,,,,,,,,,,,,
DQ001167,,,,,,,,,,,,
X60089,,,,,,,,,,,,
X53128,,,,,,,,,,,,
GU459055,,,,,,,,,,,,
AB812871,,,,,,,,,,,,
AB812870,,,,,,,,,,,,
AB812869,,,,,,,,,,,,
AB812868,,,,,,,,,,,,
MH006957,,,,,,,,,,,,
MH004413,,,,,,,,,,,,
KU343203,,,,,,,,,,,,
MH004416,,,,,,,,,,,,
KM888166,,,,,,,,,,,,
LC063843,,,,,,,,,,,,
LC063842,,,,,,,,,,,,
LC063841,,,,,,,,,,,,
LC063840,,,,,,,,,,,,
KU893871,,,,,,,,,,,,
MG837012,,,,,,,,,,,,
KY963963,,,,,,,,,,,,
MH004421,,,,,,,,,,,,
KY007139,,,,,,,,,,,,
LC063837,,,,,,,,,,,,
KJ020932,,,,,,,,,,,,
KU982977,,,,,,,,,,,,
MZ293744,,,,,,,,,,,,
LC063812,,,,,,,,,,,,
LC063816,,,,,,,,,,,,
LC063814,,,,,,,,,,,,
LC063823,,,,,,,,,,,,
KR265840,,,,,,,,,,,,
KR265801,,,,,,,,,,,,
LC063830,,,,,,,,,,,,
LC063829,,,,,,,,,,,,
KJ588063,,,,,,,,,,,,
KJ588062,,,,,,,,,,,,
MK558089,,,,,,,,,,,,
LC063832,,,,,,,,,,,,
LC063831,,,,,,,,,,,,
KM055630,,,,,,,,,,,,
KM055612,,,,,,,,,,,,
KM055614,,,,,,,,,,,,
KM055617,,,,,,,,,,,,
KM055613,,,,,,,,,,,,
MF996660,,,,,,,,,,,,
KY967728,,,,,,,,,,,,
MT064746,,,,,,,,,,,,
MT064745,,,,,,,,,,,,
MT064744,,,,,,,,,,,,
MT064743,,,,,,,,,,,,
MT064740,,,,,,,,,,,,
MT064742,,,,,,,,,,,,
MT064739,,,,,,,,,,,,
MT064741,,,,,,,,,,,,
NC_046954,,,,,,,,,,,,
KX286017,,,,,,,,,,,,
MW773844,,,,,,,,,,,,
KY967729,,,,,,,,,,,,
KX812524,,,,,,,,,,,,
KJ645659,,,,,,,,,,,,
KR265762,,,,,,,,,,,,
MH056658,,,,,,,,,,,,
KT253259,,,,,,,,,,,,
KT253260,,,,,,,,,,,,
AF344186,,,,,,,,,,,,
X16816,,,,,,,,,,,,
MT797714,,,,,,,,,,,,
KT253264,,,,,,,,,,,,
KT253268,,,,,,,,,,,,
LC063818,,,,,,,,,,,,
LC063827,,,,,,,,,,,,
LC063824,,,,,,,,,,,,
LC063826,,,,,,,,,,,,
LC063825,,,,,,,,,,,,
MH052681,,,,,,,,,,,,
MN816181,,,,,,,,,,,,
,,,,,,,,,,,,
,,,,,,,,,,,,
GU459056,,,,,,,,,,,,
JF260914,,,,,,,,,,,,
JF260913,,,,,,,,,,,,
JX878446,,,,,,,,,,,,
JX878443,,,,,,,,,,,,
AY342160,,,,,,,,,,,,
AB907624,,,,,,,,,,,,
FJ943761,,,,,,,,,,,,
FJ917531,,,,,,,,,,,,
FJ917527,,,,,,,,,,,,
FJ917522,,,,,,,,,,,,
FJ917521,,,,,,,,,,,,
FJ943763,,,,,,,,,,,,
FJ917530,,,,,,,,,,,,
FJ917523,,,,,,,,,,,,
FJ943764,,,,,,,,,,,,
FJ917535,,,,,,,,,,,,
FJ917534,,,,,,,,,,,,
FJ917524,,,,,,,,,,,,
FJ917520,,,,,,,,,,,,
FJ917519,,,,,,,,,,,,
FJ917533,,,,,,,,,,,,
FJ917532,,,,,,,,,,,,
FJ917525,,,,,,,,,,,,
JX878437,,,,,,,,,,,,
DQ160294,,,,,,,,,,,,
AB086902,,,,,,,,,,,,
Y13921,,,,,,,,,,,,
MW718814,,,,,,,,,,,,
JX878435,,,,,,,,,,,,
JX878434,,,,,,,,,,,,
JX878436,,,,,,,,,,,,
AB086904,,,,,,,,,,,,
MT663548,,,,,,,,,,,,
EU769558,,,,,,,,,,,,
MH061338,,,,,,,,,,,,
DQ249226,,,,,,,,,,,,
JQ731782,,,,,,,,,,,,
JQ731783,,,,,,,,,,,,
KU552072,,,,,,,,,,,,
EF434376,,,,,,,,,,,,
MH974772,,,,,,,,,,,,
MW465545,,,,,,,,,,,,
MT083443,,,,,,,,,,,,
,,,,,,,,,,,,
,,,,,,,,,,,,
D13096,,,,,,,,,,,,
X77047,,,,,,,,,,,,
AB781790,,,,,,,,,,,,
MF095854,,,,,,,,,,,,
AY796289,,,,,,,,,,,,
AY390342,,,,,,,,,,,,
AY436637,,,,,,,,,,,,
HQ450377,,,,,,,,,,,,
JF682842,,,,,,,,,,,,
EU924791,,,,,,,,,,,,
HQ450376,,,,,,,,,,,,
MW383487,,,,,,,,,,,,
MF095849,,,,,,,,,,,,
MF095850,,,,,,,,,,,,
MT919267,,,,,,,,,,,,
EU924790,,,,,,,,,,,,
MF095851,,,,,,,,,,,,
MF095853,,,,,,,,,,,,
MF095852,,,,,,,,,,,,
MF095855,,,,,,,,,,,,
MW186440,,,,,,,,,,,,
MW186441,,,,,,,,,,,,
DQ112226,,,,,,,,,,,,
GU146061,,,,,,,,,,,,
AY204704,,,,,,,,,,,,
KX156832,,,,,,,,,,,,
AB781788,,,,,,,,,,,,
X80799,,,,,,,,,,,,
AB781789,,,,,,,,,,,,
AB017789,,,,,,,,,,,,
MT114553,,,,,,,,,,,,
MT166675,,,,,,,,,,,,
MF095847,,,,,,,,,,,,
X06170,,,,,,,,,,,,
OK340211,,,,,,,,,,,,
MF095848,,,,,,,,,,,,
MT114550,,,,,,,,,,,,
OK340209,,,,,,,,,,,,
MW316848,,,,,,,,,,,,
MT114548,,,,,,,,,,,,
MT114547,,,,,,,,,,,,
MT166676,,,,,,,,,,,,
EF192155,,,,,,,,,,,,
MT166674,,,,,,,,,,,,
OK340207,,,,,,,,,,,,
MT114551,,,,,,,,,,,,
MT114552,,,,,,,,,,,,
AY452031,,,,,,,,,,,,
OK340208,,,,,,,,,,,,
MT114545,,,,,,,,,,,,
MT114546,,,,,,,,,,,,
OK340212,,,,,,,,,,,,
LC190906,,,,,,,,,,,,
MW316851,,,,,,,,,,,,
MT114549,,,,,,,,,,,,
MW316852,,,,,,,,,,,,
MW316849,,,,,,,,,,,,
MW316850,,,,,,,,,,,,
FJ917526,,,,,,,,,,,,
AB535528,,,,,,,,,,,,
AY204705,,,,,,,,,,,,
FJ917528,,,,,,,,,,,,
FJ917529,,,,,,,,,,,,
FJ943762,,,,,,,,,,,,
AB695067,,,,,,,,,,,,
D32044,,,,,,,,,,,,
MW316833,,,,,,,,,,,,
MW316836,,,,,,,,,,,,
X06371,,,,,,,,,,,,
,,,,,,,,,,,,
LC190907,,,,,,,,,,,,
MK987175,,,,,,,,,,,,
EF192156,,,,,,,,,,,,
OK340210,,,,,,,,,,,,
FJ943771,,,,,,,,,,,,