Beta,,,,,,,
NC_004718,,,,,,,
GQ153542,,,,,,,
GQ153543,,,,,,,
KF514407,,,,,,,
JX993987,,,,,,,
KY352407,,,,,,,
DQ412042,,,,,,,
KJ473813,,,,,,,
AY485277,,,,,,,
NC_045512,,,,,,,
NC_014470,,,,,,,
MZ081378,,,,,,,
NC_025217,,,,,,,
NC_039207,,,,,,,
KJ473821,,,,,,,
MW246800,,,,,,,
MG596803,,,,,,,
DQ648794,,,,,,,
MG021452,,,,,,,
MF593268,,,,,,,
MK907286,,,,,,,
KT368845,,,,,,,
NC_038294,,,,,,,
KX154693,,,,,,,
MH940245,,,,,,,
NC_030886,,,,,,,
HM211099,,,,,,,
MG762674,,,,,,,
HM211100,,,,,,,
MK211379,,,,,,,
NC_009020,,,,,,,
MN611520,,,,,,,
NC_012936,,,,,,,
NC_001846,,,,,,,
NC_006577,,,,,,,
MH687970,,,,,,,
MT820631,,,,,,,
NC_009021,,,,,,,
MW802581,,,,,,,
KF530072,,,,,,,
NC_017083,,,,,,,
DQ415910,,,,,,,
KF530064,,,,,,,
AB354579,,,,,,,
NC_006213,,,,,,,
MH687969,,,,,,,
DQ011855,,,,,,,
MF083115,,,,,,,
NC_003045,,,,,,,
LC061272,,,,,,,
MH043953,,,,,,,
MN514967,,,,,,,
MN514963,,,,,,,
,,,,,,,
LC494136,,,,,,,
LC494155,,,,,,,
LC494154,,,,,,,
KU558923,,,,,,,
MG518518,,,,,,,
LC494177,,,,,,,
LC494135,,,,,,,
MN982198,,,,,,,
LC494127,,,,,,,
LC494157,,,,,,,
LC494144,,,,,,,
LC494126,,,,,,,
LC494143,,,,,,,
LC494142,,,,,,,
LC494156,,,,,,,
LC494141,,,,,,,
LC494145,,,,,,,
LC494132,,,,,,,
LC494170,,,,,,,
LC494171,,,,,,,
LC494129,,,,,,,
LC494131,,,,,,,
LC494134,,,,,,,
MZ100070,,,,,,,
LC494173,,,,,,,
MH043955,,,,,,,
LC494133,,,,,,,
LC494168,,,,,,,
LC494165,,,,,,,
MH043952,,,,,,,
LC494140,,,,,,,
LC494130,,,,,,,
,,,,,,,
LC494162,,,,,,,
LC494166,,,,,,,
LC494139,,,,,,,
LC494163,,,,,,,
,,,,,,,
LC494167,,,,,,,
LC494169,,,,,,,
LC494160,,,,,,,
LC494172,,,,,,,
LC494161,,,,,,,
MH043954,,,,,,,
LC494164,,,,,,,
JX860640,,,,,,,
LC494174,,,,,,,
LC494138,,,,,,,
BCU00735,,,,,,,
DQ915164,,,,,,,
KU558922,,,,,,,
FJ415324,,,,,,,
FJ938065,,,,,,,
EF424621,,,,,,,
,,,,,,,
EF424620,,,,,,,
FJ938064,,,,,,,
,,,,,,,
,,,,,,,
,,,,,,,
EF424615,,,,,,,
,,,,,,,
AF391541,,,,,,,
,,,,,,,
EF424616,,,,,,,
AF391542,,,,,,,
,,,,,,,
,,,,,,,
FJ425186,,,,,,,
FJ425187,,,,,,,
,,,,,,,
FJ425188,,,,,,,
FJ425189,,,,,,,
FJ425190,,,,,,,
FJ425184,,,,,,,
,,,,,,,
MG757140,,,,,,,
MG757139,,,,,,,
MG757141,,,,,,,
DQ811784,,,,,,,
,,,,,,,
MN514962,,,,,,,
,,,,,,,
KT368891,,,,,,,
KF906249,,,,,,,
MN514965,,,,,,,
,,,,,,,
,,,,,,,
KF906250,,,,,,,
MN514966,,,,,,,
LC494190,,,,,,,
LC494191,,,,,,,
LC494187,,,,,,,
LC494192,,,,,,,
,,,,,,,
LC494178,,,,,,,
LC494158,,,,,,,
LC494128,,,,,,,
LC494153,,,,,,,
,,,,,,,
KP719927,,,,,,,
KP719928,,,,,,,
KP719930,,,,,,,
KP719933,,,,,,,
KX108937,,,,,,,
,,,,,,,
,,,,,,,
,,,,,,,
,,,,,,,
MF598676,,,,,,,
,,,,,,,
,,,,,,,
,,,,,,,
,,,,,,,
,,,,,,,
,,,,,,,
,,,,,,,
,,,,,,,
,,,,,,,
MF598656,,,,,,,
MF598658,,,,,,,
MF598710,,,,,,,
KY581687,,,,,,,
KY673148,,,,,,,
,,,,,,,
,,,,,,,
MF598689,,,,,,,
,,,,,,,
KJ713299,,,,,,,
MF598610,,,,,,,
,,,,,,,
MF598629,,,,,,,
MF598636,,,,,,,
MF598703,,,,,,,
KY581685,,,,,,,
KY581695,,,,,,,
MF598596,,,,,,,
,,,,,,,
KM015348,,,,,,,
,,,,,,,
MF598599,,,,,,,
MF598600,,,,,,,
MF598601,,,,,,,
MF598614,,,,,,,
,,,,,,,
,,,,,,,
MF598635,,,,,,,
MF598639,,,,,,,
,,,,,,,
,,,,,,,
MF598671,,,,,,,
MF598705,,,,,,,
,,,,,,,
KY581684,,,,,,,
,,,,,,,
KU242423,,,,,,,
MF598605,,,,,,,
MF598634,,,,,,,
MF598644,,,,,,,
,,,,,,,
MF598654,,,,,,,
MF598659,,,,,,,
MF598679,,,,,,,
MF598690,,,,,,,
,,,,,,,
MF598711,,,,,,,
MF598717,,,,,,,
,,,,,,,
,,,,,,,
,,,,,,,
KT156560,,,,,,,
KU242424,,,,,,,
MF598597,,,,,,,
MF598640,,,,,,,
MF598687,,,,,,,
MF598715,,,,,,,
MF598721,,,,,,,
MF598722,,,,,,,
MF598653,,,,,,,
MF598716,,,,,,,
,,,,,,,
MF598678,,,,,,,
KJ477103,,,,,,,
MK967708,,,,,,,
,,,,,,,
,,,,,,,
,,,,,,,
,,,,,,,
MW652310,,,,,,,
MW652314,,,,,,,
MW652315,,,,,,,
MW652316,,,,,,,
MW652317,,,,,,,
MW652318,,,,,,,
MW652319,,,,,,,
MW652320,,,,,,,
MW652311,,,,,,,
MW652312,,,,,,,
,,,,,,,
,,,,,,,
,,,,,,,
,,,,,,,
,,,,,,,
,,,,,,,
,,,,,,,
,,,,,,,
,,,,,,,
,,,,,,,
,,,,,,,
,,,,,,,
KY010637,,,,,,,
KY010635,,,,,,,
KY010630,,,,,,,
KY010631,,,,,,,
KY010632,,,,,,,
KY010634,,,,,,,
KY010633,,,,,,,
,,,,,,,
AB918718,,,,,,,
AB918719,,,,,,,
KY010639,,,,,,,
KY010640,,,,,,,
KY010642,,,,,,,
,,,,,,,
KU182958,,,,,,,
KU182960,,,,,,,
KU182959,,,,,,,
,,,,,,,
,,,,,,,
OK067319,,,,,,,
,,,,,,,
HQ728482,,,,,,,
,,,,,,,
AB543561,,,,,,,
KU182961,,,,,,,
KU182962,,,,,,,
OK067320,,,,,,,
MG693169,,,,,,,
OK067321,,,,,,,
MG693171,,,,,,,
,,,,,,,
NC_048212,,,,,,,
OM219647,,,,,,,
OM219644,,,,,,,
HQ728483,,,,,,,
,,,,,,,
MG762674,,,,,,,
EF065515,,,,,,,
HM211100,,,,,,,
HM211099,,,,,,,
HM211098,,,,,,,
MG693170,,,,,,,
HM211101,,,,,,,
EF065516,,,,,,,
,,,,,,,
NC_009021,,,,,,,
,,,,,,,
EF065514,,,,,,,
,,,,,,,
MT337386,,,,,,,
MT337387,,,,,,,
,,,,,,,
,,,,,,,
KX285762,,,,,,,
,,,,,,,
,,,,,,,
,,,,,,,
,,,,,,,
,,,,,,,
,,,,,,,
,,,,,,,
,,,,,,,
,,,,,,,
,,,,,,,
,,,,,,,
,,,,,,,
,,,,,,,
,,,,,,,
,,,,,,,
,,,,,,,
,,,,,,,
,,,,,,,
MN312860,,,,,,,
MN312840,,,,,,,
KX520654,,,,,,,
KX520659,,,,,,,
KP231521,,,,,,,
,,,,,,,
LC292187,,,,,,,
LC494151,,,,,,,
LC494148,,,,,,,
LC494150,,,,,,,
MN982199,,,,,,,
KU886219,,,,,,,
LC494181,,,,,,,
LC494159,,,,,,,
LC494137,,,,,,,
LC494184,,,,,,,
LC494188,,,,,,,
LC494189,,,,,,,
LC494180,,,,,,,
LC494182,,,,,,,
LC494183,,,,,,,
LC494185,,,,,,,
LC494179,,,,,,,
LC642814,,,,,,,
LC494175,,,,,,,
LC494176,,,,,,,
,,,,,,,
MT083333,,,,,,,
MT083334,,,,,,,
MT083339,,,,,,,
MT083340,,,,,,,
MT083425,,,,,,,
MT083426,,,,,,,
MT083431,,,,,,,
MT083397,,,,,,,
MT083335,,,,,,,
MT083395,,,,,,,
MT083561,,,,,,,
MT083249,,,,,,,
KX285051,,,,,,,
KX285784,,,,,,,
MT083250,,,,,,,
MT083251,,,,,,,
MT083252,,,,,,,
MT083253,,,,,,,
MT083254,,,,,,,
MT083255,,,,,,,
MT083256,,,,,,,
MT082526,,,,,,,
MT082587,,,,,,,
,,,,,,,
,,,,,,,
,,,,,,,
KF859759,,,,,,,
KF859767,,,,,,,
OV835734,,,,,,,
,,,,,,,
,,,,,,,
MZ154631,,,,,,,
OV751361,,,,,,,
OM478267,,,,,,,
,,,,,,,
,,,,,,,
OV835881,,,,,,,
OV838126,,,,,,,
OM624235,,,,,,,
,,,,,,,
,,,,,,,
OV840046,,,,,,,
,,,,,,,
,,,,,,,
,,,,,,,
OM776634,,,,,,,
,,,,,,,
,,,,,,,
,,,,,,,
OV952190,,,,,,,
OV929127,,,,,,,
OV900381,,,,,,,
,,,,,,,
OW019533,,,,,,,
OV975263,,,,,,,
OV991640,,,,,,,
,,,,,,,
OM924284,,,,,,,
,,,,,,,
OW030540,,,,,,,
OM970638,,,,,,,
OM989007,,,,,,,
OW073545,,,,,,,
OW127058,,,,,,,
OW116081,,,,,,,
OM900567,,,,,,,
OW173803,,,,,,,
,,,,,,,
,,,,,,,
,,,,,,,
OW372242,,,,,,,
OW712425,,,,,,,
OW127712,,,,,,,
OM412161,,,,,,,
KF636752,,,,,,,
KP696741,,,,,,,
KP696745,,,,,,,
KU131215,,,,,,,
KP696747,,,,,,,
KP696744,,,,,,,
KP696743,,,,,,,
KP696742,,,,,,,
KU762338,,,,,,,
MZ293732,,,,,,,
MZ293739,,,,,,,
,,,,,,,
,,,,,,,
MW711287,,,,,,,
EF424622,,,,,,,
EF424624,,,,,,,
EF424623,,,,,,,
,,,,,,,
,,,,,,,
,,,,,,,
,,,,,,,
,,,,,,,
,,,,,,,
LC494147,,,,,,,
LC494149,,,,,,,
,,,,,,,
LC494152,,,,,,,
,,,,,,,
,,,,,,,
,,,,,,,
,,,,,,,
,,,,,,,
,,,,,,,
,,,,,,,
,,,,,,,
OK563888,,,,,,,
OK626950,,,,,,,
,,,,,,,
,,,,,,,
,,,,,,,
,,,,,,,
OL800099,,,,,,,
,,,,,,,
ON309619,,,,,,,
,,,,,,,
,,,,,,,
,,,,,,,
MW719775,,,,,,,
MW719817,,,,,,,
MW728371,,,,,,,
MW728468,,,,,,,
MW735320,,,,,,,
MW763901,,,,,,,
MW778440,,,,,,,
,,,,,,,
OK155008,,,,,,,
,,,,,,,
,,,,,,,
OL476445,,,,,,,
OL487757,,,,,,,
OL558038,,,,,,,
OL617737,,,,,,,
OL666008,,,,,,,
OL720142,,,,,,,
,,,,,,,
,,,,,,,
OL770822,,,,,,,
OL811551,,,,,,,
OL827616,,,,,,,
OL838958,,,,,,,
OL842591,,,,,,,
OL895108,,,,,,,
OL904221,,,,,,,
OL954920,,,,,,,
OL963451,,,,,,,
,,,,,,,
OM031619,,,,,,,
,,,,,,,
OM564986,,,,,,,
OM690996,,,,,,,
OM773816,,,,,,,
OM800329,,,,,,,
,,,,,,,
OW036091,,,,,,,
ON033945,,,,,,,
ON034838,,,,,,,
,,,,,,,
ON139752,,,,,,,
,,,,,,,
,,,,,,,
,,,,,,,
,,,,,,,
ON242540,,,,,,,
,,,,,,,
ON242552,,,,,,,
,,,,,,,
,,,,,,,
,,,,,,,
,,,,,,,
,,,,,,,
,,,,,,,
,,,,,,,
ON242903,,,,,,,
,,,,,,,
,,,,,,,
,,,,,,,
,,,,,,,
ON345903,,,,,,,
ON355696,,,,,,,
,,,,,,,
MW808504,,,,,,,
MW640643,,,,,,,
,,,,,,,
,,,,,,,
,,,,,,,
OK590564,,,,,,,
OK603033,,,,,,,
OL372875,,,,,,,
OL407934,,,,,,,
,,,,,,,
OL752103,,,,,,,
OL894223,,,,,,,
OL896469,,,,,,,
MW668919,,,,,,,
KF636753,,,,,,,
KF636757,,,,,,,
KF636756,,,,,,,
KF636754,,,,,,,
HQ166910,,,,,,,
,,,,,,,
new:,,,,,,,
,,,,,,,
,,,,,,,
OL761051,,,,,,,
OL967346,,,,,,,
OM022325,,,,,,,
,,,,,,,
OM080709,,,,,,,
OM081488,,,,,,,
OV339220,,,,,,,
,,,,,,,
OM303401,,,,,,,
,,,,,,,
OL989063,,,,,,,
,,,,,,,
,,,,,,,
OM876461,,,,,,,
ON134806,,,,,,,
ON327081,,,,,,,
,,,,,,,
,,,,,,,
,,,,,,,
,,,,,,,
,,,,,,,
,,,,,,,
,,,,,,,
,,,,,,,
,,,,,,,
,,,,,,,
DQ249224,,,,,,,
,,,,,,,
,,,,,,,
,,,,,,,
,,,,,,,
,,,,,,,
,,,,,,,
,,,,,,,
,,,,,,,
,,,,,,,
,,,,,,,
,,,,,,,
FJ710050,,,,,,,
OM009282,,,,,,,
FJ710052,,,,,,,
,,,,,,,
,,,,,,,
,,,,,,,
,,,,,,,
,,,,,,,
,,,,,,,
,,,,,,,
,,,,,,,
,,,,,,,
,,,,,,,
,,,,,,,
,,,,,,,
,,,,,,,
,,,,,,,
,,,,,,,
,,,,,,,
MT063995,,,,,,,
,,,,,,,
,,,,,,,
,,,,,,,
,,,,,,,
,,,,,,,
,,,,,,,
,,,,,,,
OM469955,,,,,,,
OM469956,,,,,,,
OM469957,,,,,,,
OM469958,,,,,,,
OM469959,,,,,,,
OM469960,,,,,,,
OM469961,,,,,,,
OM469962,,,,,,,
OM469963,,,,,,,
OM469964,,,,,,,
,,,,,,,
OM469952,,,,,,,
OM469953,,,,,,,
OM469954,,,,,,,
,,,,,,,
,,,,,,,
MG963187,,,,,,,
MG963186,,,,,,,
MG963188,,,,,,,
,,,,,,,
,,,,,,,
ON736267,,,,,,,
DQ071615,,,,,,,
,,,,,,,
MZ081382,,,,,,,
OK017835,,,,,,,
DQ648857,,,,,,,
DQ412043,,,,,,,
MZ190138,,,,,,,
LC556375,,,,,,,
,,,,,,,
OM065389,,,,,,,
MT438722,,,,,,,
MT438758,,,,,,,
MT470142,,,,,,,
MT481992,,,,,,,
,,,,,,,
MT671817,,,,,,,
MW562722,,,,,,,
MZ722000,,,,,,,
MZ722043,,,,,,,
MZ722192,,,,,,,
MZ722615,,,,,,,
MZ722630,,,,,,,
MZ722702,,,,,,,
OK372367,,,,,,,
OK372385,,,,,,,
OK372407,,,,,,,
OM108445,,,,,,,
OM065385,,,,,,,
OM065386,,,,,,,
OM065388,,,,,,,
OU990230,,,,,,,
OM094995,,,,,,,
OM095210,,,,,,,
OM065340,,,,,,,
OM065341,,,,,,,
OM065344,,,,,,,
OM065346,,,,,,,
OM065350,,,,,,,
OM065355,,,,,,,2355
OM065356,,,,,,,2301
OM065360,,,,,,,
OM065361,,,,,,,
OL989086,,,,,,,
MT449678,,,,,,,
OU084336,,,,,,,
OU106704,,,,,,,
OU112047,,,,,,,
,,,,,,,
MT019531,,,,,,,
MT438728,,,,,,,
MW011768,,,,,,,
MW466795,,,,,,,
MW467437,,,,,,,
MW467475,,,,,,,
MW587789,,,,,,,
MW592369,,,,,,,
OU084333,,,,,,,
MZ824622,,,,,,,
MZ419869,,,,,,,
OM095186,,,,,,,
OM095199,,,,,,,
OM095213,,,,,,,
OM065338,,,,,,,
OM065347,,,,,,,
OM065357,,,,,,,
OM065359,,,,,,,
OM065364,,,,,,,
OM065365,,,,,,,
OM065367,,,,,,,
OM065368,,,,,,,
OM065369,,,,,,,
OM065370,,,,,,,
OM065378,,,,,,,
MT121215,,,,,,,
MT449641,,,,,,,
MT470137,,,,,,,
MT079851,,,,,,,
MZ043010,,,,,,,
,,,,,,,
,,,,,,,
,,,,,,,
OU106710,,,,,,,
MT499201,,,,,,,
MW011762,,,,,,,
MW467439,,,,,,,
MW467462,,,,,,,
MW467494,,,,,,,
MW467502,,,,,,,
OU072469,,,,,,,
MZ380257,,,,,,,
MZ722269,,,,,,,
MZ722735,,,,,,,
MZ824630,,,,,,,
MZ824659,,,,,,,
MZ419863,,,,,,,
OM065339,,,,,,,
OM065349,,,,,,,
OM065351,,,,,,,
OM065352,,,,,,,
OM065354,,,,,,,
OM065358,,,,,,,
OM065366,,,,,,,
OM065372,,,,,,,
OM065374,,,,,,,
OM065375,,,,,,,
OM065380,,,,,,,
OM065381,,,,,,,
OM065383,,,,,,,
,,,,,,,
MK052676,,,,,,,
,,,,,,,
MN481972,,,,,,,
,,,,,,,
,,,,,,,
,,,,,,,
MF598641,,,,,,,
MN654974,,,,,,,
MN654981,,,,,,,
KJ156944,,,,,,,
KJ156949,,,,,,,
,,,,,,,
KM027255,,,,,,,
KM027256,,,,,,,
KM027260,,,,,,,
KM027261,,,,,,,
KT368824,,,,,,,
,,,,,,,
MN481977,,,,,,,
MN481978,,,,,,,
,,,,,,,
KJ156881,,,,,,,
KF917527,,,,,,,
,,,,,,,
KM027259,,,,,,,
,,,,,,,
MF598668,,,,,,,
,,,,,,,
,,,,,,,
MN481971,,,,,,,
,,,,,,,
,,,,,,,
,,,,,,,
ON378807,,,,,,,
,,,,,,,
,,,,,,,
MK907287,,,,,,,
,,,,,,,
MW246799,,,,,,,
MW246801,,,,,,,
MW246797,,,,,,,
,,,,,,,
MW246798,,,,,,,
,,,,,,,
MW246796,,,,,,,
MW246795,,,,,,,
MK679660,,,,,,,
KC545386,,,,,,,
MG596802,,,,,,,
,,,,,,,
,,,,,,,
,,,,,,,
,,,,,,,
MN654971,,,,,,,
MN654973,,,,,,,
MN654978,,,,,,,
MN654992,,,,,,,
MN654995,,,,,,,
MN654996,,,,,,,
MN655006,,,,,,,
KT368862,,,,,,,
KT368864,,,,,,,
KT368865,,,,,,,
MG011343,,,,,,,
MF598686,,,,,,,
MG366483,,,,,,,
,,,,,,,
MG912601,,,,,,,
,,,,,,,
MG912603,,,,,,,
MG912604,,,,,,,
,,,,,,,
MH259486,,,,,,,
MK462255,,,,,,,
MN654970,,,,,,,
MN654975,,,,,,,
,,,,,,,
MN654991,,,,,,,
MN654994,,,,,,,
MT226600,,,,,,,
MT226603,,,,,,,
MT226607,,,,,,,
KT368858,,,,,,,
KT368859,,,,,,,
KT368860,,,,,,,
KT368861,,,,,,,
MG011341,,,,,,,
MG011347,,,,,,,
MG011345,,,,,,,
MG011359,,,,,,,
MH310912,,,,,,,
,,,,,,,
MN654986,,,,,,,
MN655011,,,,,,,
MN655017,,,,,,,
KM027258,,,,,,,
KT368869,,,,,,,
KX154690,,,,,,,
MG011354,,,,,,,
MF598670,,,,,,,
,,,,,,,
MN481976,,,,,,,
,,,,,,,
,,,,,,,
KJ713298,,,,,,,
,,,,,,,
,,,,,,,
,,,,,,,
,,,,,,,
,,,,,,,
,,,,,,,
,,,,,,,
,,,,,,,
,,,,,,,
,,,,,,,
,,,,,,,
KX442564,,,,,,,
MG987420,,,,,,,
MG987421,,,,,,,
KX442565,,,,,,,
ON325307,,,,,,,
MT818221,,,,,,,
,,,,,,,
,,,,,,,
,,,,,,,
,,,,,,,
,,,,,,,
MN655004,,,,,,,
,,,,,,,
,,,,,,,
,,,,,,,
KT368855,,,,,,,
KT368856,,,,,,,
KT368857,,,,,,,
KT806048,,,,,,,
,,,,,,,
,,,,,,,
MG011358,,,,,,,
MF598606,,,,,,,
MF598673,,,,,,,
MF598694,,,,,,,
MF598695,,,,,,,
MK462248,,,,,,,
MN481967,,,,,,,
,,,,,,,
KT121572,,,,,,,
KT121574,,,,,,,
KT121576,,,,,,,
KT121577,,,,,,,
KT121579,,,,,,,
KT121580,,,,,,,
MF598620,,,,,,,
MF598632,,,,,,,
MN481964,,,,,,,
,,,,,,,
,,,,,,,
KP719929,,,,,,,
KF186566,,,,,,,
KJ650098,,,,,,,
KP209312,,,,,,,
,,,,,,,
,,,,,,,
KJ156866,,,,,,,
KJ156934,,,,,,,
KJ713295,,,,,,,
KT877350,,,,,,,
KT877351,,,,,,,
KX108938,,,,,,,
KX108939,,,,,,,
KX108940,,,,,,,
KX108942,,,,,,,
MF598645,,,,,,,
KY581694,,,,,,,
KJ156874,,,,,,,
KJ156910,,,,,,,
KF186564,,,,,,,
KF186567,,,,,,,
KF186565,,,,,,,
KF600627,,,,,,,
KF600634,,,,,,,
KF600651,,,,,,,
KT751244,,,,,,,
MF598665,,,,,,,
,,,,,,,
,,,,,,,
MG011362,,,,,,,
,,,,,,,
,,,,,,,
KJ614529,,,,,,,
KT121581,,,,,,,
MN655002,,,,,,,
MN655010,,,,,,,
KX154686,,,,,,,
KX154692,,,,,,,
MG011352,,,,,,,
,,,,,,,
MG366882,,,,,,,
MG366883,,,,,,,
,,,,,,,
MG912598,,,,,,,
,,,,,,,
,,,,,,,
MN654985,,,,,,,
MN655007,,,,,,,
MN655016,,,,,,,
MG011361,,,,,,,
MF598709,,,,,,,
,,,,,,,
MF598674,,,,,,,
MF598675,,,,,,,
MF598682,,,,,,,
MF598712,,,,,,,
MF598714,,,,,,,
,,,,,,,
KU740200,,,,,,,
KY581696,,,,,,,
MF598619,,,,,,,
MN654977,,,,,,,
MN654993,,,,,,,
MN655014,,,,,,,
MN654997,,,,,,,
MT226606,,,,,,,
MH371127,,,,,,,
MN365233,,,,,,,
,,,,,,,
MN654982,,,,,,,
MT226605,,,,,,,
MG011348,,,,,,,
MN654984,,,,,,,
OL622035,,,,,,,
KX154684,,,,,,,
MG757605,,,,,,,
MN655001,,,,,,,
MG011342,,,,,,,
MG011355,,,,,,,
MK462253,,,,,,,
MK462254,,,,,,,
MN723544,,,,,,,
KX108941,,,,,,,
,,,,,,,
MH002340,,,,,,,
MH002341,,,,,,,
KJ473820,,,,,,,
EF065510,,,,,,,
EF065511,,,,,,,
EF065512,,,,,,,
KU182965,,,,,,,
NC_009019,,,,,,,
EF065507,,,,,,,
EF065506,,,,,,,
MH002337,,,,,,,
MH002338,,,,,,,
MH002339,,,,,,,
OK560913,,,,,,,
KJ473822,,,,,,,
MW218395,,,,,,,
EF065508,,,,,,,
MN611519,,,,,,,
MN654988,,,,,,,
MK462251,,,,,,,
,,,,,,,
KT368866,,,,,,,
KT368854,,,,,,,
KT368875,,,,,,,
KX154690,,,,,,,
MF598602,,,,,,,
MF598603,,,,,,,
MF598615,,,,,,,
MF598619,,,,,,,
MF598630,,,,,,,
MF598638,,,,,,,
MF598645,,,,,,,
MF598669,,,,,,,
MF598674,,,,,,,
MF598686,,,,,,,
MF598699,,,,,,,
MN481978,,,,,,,
KF600630,,,,,,,
KF600652,,,,,,,
KJ156952,,,,,,,
KJ713297,,,,,,,
KM027258,,,,,,,
KM027259,,,,,,,
,,,,,,,
KT121572,,,,,,,
KT121574,,,,,,,
KT121577,,,,,,,
KT121579,,,,,,,
KT121580,,,,,,,
KT368851,,,,,,,
MG011345,,,,,,,
MF598606,,,,,,,
MF598609,,,,,,,
MF598618,,,,,,,
MF598623,,,,,,,
MF598626,,,,,,,
MF598650,,,,,,,
MF598663,,,,,,,
MF598696,,,,,,,
MK052676,,,,,,,
MN481964,,,,,,,
MN481970,,,,,,,
MN481971,,,,,,,
MN481972,,,,,,,
MN481973,,,,,,,
,,,,,,,
MN481976,,,,,,,
KJ156869,,,,,,,
,,,,,,,
KJ829365,,,,,,,
KM027256,,,,,,,
KT121581,,,,,,,
KT368824,,,,,,,
KT368867,,,,,,,
KU710264,,,,,,,
KU710265,,,,,,,
MF598641,,,,,,,
MF598701,,,,,,,
MH259485,,,,,,,
,,,,,,,
KJ713298,,,,,,,
KM027255,,,,,,,
KM027257,,,,,,,
KM027261,,,,,,,
KP223131,,,,,,,
KT368827,,,,,,,
KT368856,,,,,,,
KT368857,,,,,,,
KT806055,,,,,,,
,,,,,,,
MH013216,,,,,,,
MK039552,,,,,,,
MN481977,,,,,,,
KT368855,,,,,,,
KC869678,,,,,,,
NC_034440,,,,,,,
MF593268,,,,,,,
ON378807,,,,,,,
MG596803,,,,,,,
MG596802,,,,,,,
,,,,,,,
KX442564,,,,,,,
MG987421,,,,,,,
MG987420,,,,,,,
KX442565,,,,,,,
KJ473821,,,,,,,
MT818221,,,,,,,
,,,,,,,
ON325307,,,,,,,
,,,,,,,
KJ713296,,,,,,,
KM027260,,,,,,,
KP209312,,,,,,,
KT368849,,,,,,,
,,,,,,,
,,,,,,,
MF598667,,,,,,,
KY581688,,,,,,,
KY581689,,,,,,,
KY581690,,,,,,,
,,,,,,,
MF598648,,,,,,,
MF598700,,,,,,,
KC667074,,,,,,,
MF598672,,,,,,,
MF598681,,,,,,,
MF598697,,,,,,,
KT861627,,,,,,,
MF598647,,,,,,,
MF598698,,,,,,,
KF600628,,,,,,,
KF192507,,,,,,,
KJ361503,,,,,,,
MF598621,,,,,,,
KP209310,,,,,,,
KT156561,,,,,,,
KY581697,,,,,,,
KP209307,,,,,,,
,,,,,,,
KP209313,,,,,,,
KY581686,,,,,,,
KY581692,,,,,,,
KF600647,,,,,,,
KP209309,,,,,,,
KP209306,,,,,,,
KF600632,,,,,,,
KJ650296,,,,,,,
KJ650297,,,,,,,
KJ650295,,,,,,,
MF598624,,,,,,,
KF600612,,,,,,,
KT806050,,,,,,,
,,,,,,,
KX108944,,,,,,,
MG011356,,,,,,,
MG923466,,,,,,,
MK462252,,,,,,,
KJ556336,,,,,,,
,,,,,,,
KT368843,,,,,,,
KT368828,,,,,,,
KT368844,,,,,,,
KT368852,,,,,,,
KT368890,,,,,,,
KT368850,,,,,,,
,,,,,,,
KT368825,,,,,,,
KT368887,,,,,,,
KF961222,,,,,,,
,,,,,,,
,,,,,,,
KT368833,,,,,,,
MF598666,,,,,,,
MF598608,,,,,,,
MF598664,,,,,,,
MF598617,,,,,,,
MF598611,,,,,,,
,,,,,,,
MF598633,,,,,,,
MF598595,,,,,,,
KT368826,,,,,,,
MF598661,,,,,,,
KT368874,,,,,,,
MF598693,,,,,,,
MF598691,,,,,,,
MF598684,,,,,,,
MF598680,,,,,,,
MF598657,,,,,,,
MF598613,,,,,,,
KT368848,,,,,,,
KT368840,,,,,,,
KT368837,,,,,,,
KT368835,,,,,,,
KT368846,,,,,,,
MF598604,,,,,,,
KT368842,,,,,,,
MF598594,,,,,,,
KT368889,,,,,,,
MF598702,,,,,,,
MF598646,,,,,,,
MF598627,,,,,,,
MF598612,,,,,,,
KT368878,,,,,,,
KT368872,,,,,,,
KT368841,,,,,,,
KT368838,,,,,,,
KT368836,,,,,,,
KT806051,,,,,,,
MF598660,,,,,,,
MF598643,,,,,,,
MF598622,,,,,,,
MF598607,,,,,,,
KT368847,,,,,,,
MF598688,,,,,,,
MF598625,,,,,,,
,,,,,,,
KT368830,,,,,,,
KT368829,,,,,,,
KR011263,,,,,,,
KR011265,,,,,,,
KT368831,,,,,,,
,,,,,,,
MG757593,,,,,,,
KU851860,,,,,,,
KU851861,,,,,,,
KT806049,,,,,,,
MG757603,,,,,,,
KU851864,,,,,,,
KU851862,,,,,,,
KT806044,,,,,,,
KT806045,,,,,,,
MG757602,,,,,,,
MG757599,,,,,,,
MG757596,,,,,,,
MN654976,,,,,,,
MH029552,,,,,,,
MG520075,,,,,,,
MG546331,,,,,,,
MG757600,,,,,,,
MG757594,,,,,,,
MH306207,,,,,,,
MG011360,,,,,,,
,,,,,,,
KT368870,,,,,,,
MG757598,,,,,,,
KT368868,,,,,,,
KT026454,,,,,,,
,,,,,,,
KX108945,,,,,,,
KU851863,,,,,,,
KT806053,,,,,,,
KT368877,,,,,,,
KT368876,,,,,,,
MG757595,,,,,,,
KX034095,,,,,,,
MT226604,,,,,,,
MG757604,,,,,,,
KY688123,,,,,,,
KY688120,,,,,,,
MG011349,,,,,,,
MG011350,,,,,,,
,,,,,,,
MF598707,,,,,,,
MF598683,,,,,,,
MF598651,,,,,,,
MF598616,,,,,,,
MF598649,,,,,,,
MZ293756,,,,,,,
MZ293753,,,,,,,
MZ293754,,,,,,,
MZ293752,,,,,,,
MZ293755,,,,,,,
MZ293741,,,,,,,
MZ293740,,,,,,,
KU762337,,,,,,,
,,,,,,,
KU131211,,,,,,,
,,,,,,,
,,,,,,,
OU072498,,,,,,,
,,,,,,,
,,,,,,,
ON702084,,,,,,,
ON453158,,,,,,,
ON348471,,,,,,,
,,,,,,,
OW166676,,,,,,,
OW119847,,,,,,,
ON035314,,,,,,,
ON034472,,,,,,,
,,,,,,,
OM874429,,,,,,,
OM871515,,,,,,,
OM870780,,,,,,,
,,,,,,,
OM848901,,,,,,,
OM820058,,,,,,,
OM816501,,,,,,,
,,,,,,,
OM763129,,,,,,,
,,,,,,,
OV813096,,,,,,,
OV812967,,,,,,,
,,,,,,,
,,,,,,,
OV787270,,,,,,,
,,,,,,,
OV748472,,,,,,,
,,,,,,,
,,,,,,,
,,,,,,,
,,,,,,,
,,,,,,,
,,,,,,,
,,,,,,,
,,,,,,,
,,,,,,,
,,,,,,,
,,,,,,,
,,,,,,,
,,,,,,,
,,,,,,,
KY010644,,,,,,,
MT350599,,,,,,,
,,,,,,,
OX065464,,,,,,,
,,,,,,,
ON032788,,,,,,,
,,,,,,,
OV812709,,,,,,,
OM495277,,,,,,,
OM459212,,,,,,,
,,,,,,,
,,,,,,,
,,,,,,,
,,,,,,,
,,,,,,,
,,,,,,,
,,,,,,,
,,,,,,,
OX051688,,,,,,,
OX006337,,,,,,,
OW972003,,,,,,,
,,,,,,,
ON717915,,,,,,,
,,,,,,,
,,,,,,,
ON575096,,,,,,,
ON287699,,,,,,,
OK017834,,,,,,,
,,,,,,,
,,,,,,,
,,,,,,,
,,,,,,,
,,,,,,,
,,,,,,,
,,,,,,,
,,,,,,,
,,,,,,,
,,,,,,,
,,,,,,,
OK375081,,,,,,,
,,,,,,,
,,,,,,,
,,,,,,,
,,,,,,,
,,,,,,,
,,,,,,,
,,,,,,,
,,,,,,,
,,,,,,,
,,,,,,,
,,,,,,,
,,,,,,,
,,,,,,,
,,,,,,,
,,,,,,,
,,,,,,,
,,,,,,,
,,,,,,,
,,,,,,,
,,,,,,,
,,,,,,,
,,,,,,,
,,,,,,,
,,,,,,,
,,,,,,,
,,,,,,,
,,,,,,,
,,,,,,,
,,,,,,,
,,,,,,,
,,,,,,,
,,,,,,,
,,,,,,,
AY884001,,,,,,,
DQ415902,,,,,,,
DQ415898,,,,,,,
DQ415897,,,,,,,
DQ415912,,,,,,,
DQ415913,,,,,,,
DQ339101,,,,,,,
DQ415911,,,,,,,
LC315651,,,,,,,
ON128613,,,,,,,
LC654448,,,,,,,
LC654449,,,,,,,
ON128616,,,,,,,
LC654447,,,,,,,
ON128615,,,,,,,
ON128614,,,,,,,
,,,,,,,
,,,,,,,
DQ415899,,,,,,,
DQ415905,,,,,,,
DQ415900,,,,,,,
DQ415896,,,,,,,
DQ415906,,,,,,,
KF686341,,,,,,,
DQ415914,,,,,,,
DQ415907,,,,,,,
KT779556,,,,,,,
KF686342,,,,,,,
KT779555,,,,,,,
LC315650,,,,,,,
HM034837,,,,,,,
DQ415903,,,,,,,
KF430201,,,,,,,
KF686346,,,,,,,
KF686343,,,,,,,
KF686340,,,,,,,
DQ415908,,,,,,,
DQ415901,,,,,,,
DQ415909,,,,,,,
ON128612,,,,,,,
ON128610,,,,,,,
ON128611,,,,,,,
ON128609,,,,,,,
,,,,,,,
KF686344,,,,,,,
,,,,,,,
,,,,,,,
LC687393,,,,,,,
DQ415904,,,,,,,
,,,,,,,
,,,,,,,
,,,,,,,
MT085168,,,,,,,
,,,,,,,
MH687968,,,,,,,
,,,,,,,
,,,,,,,
MT820632,,,,,,,
KY370048,,,,,,,
KF294371,,,,,,,
KF294370,,,,,,,
KY370051,,,,,,,
,,,,,,,
KF294372,,,,,,,
MZ328295,,,,,,,
,,,,,,,
KY370043,,,,,,,
MT085170,,,,,,,
MW773844,,,,,,,
LR721664,,,,,,,
KF430197,,,,,,,
KX432213,,,,,,,
,,,,,,,
OK017805,,,,,,,
OK017804,,,,,,,
OK017803,,,,,,,
ON012457,,,,,,,
ON012456,,,,,,,
ON012454,,,,,,,
,,,,,,,
KX652402,,,,,,,
KX652385,,,,,,,
KX652386,,,,,,,
,,,,,,,
KX652389,,,,,,,
KX652399,,,,,,,
KX652381,,,,,,,
KX652390,,,,,,,
KX652396,,,,,,,
KX652391,,,,,,,
KX652383,,,,,,,
KX652387,,,,,,,
KX652400,,,,,,,
KX652394,,,,,,,
KX652384,,,,,,,
KX652388,,,,,,,
KX652393,,,,,,,
KX652397,,,,,,,
KX652398,,,,,,,
KX652401,,,,,,,
KX652395,,,,,,,
KX652382,,,,,,,
KX652392,,,,,,,
KX652379,,,,,,,
MG762689,,,,,,,
KY010638,,,,,,,
MG762690,,,,,,,
MG762688,,,,,,,
MG762692,,,,,,,
MG762691,,,,,,,
,,,,,,,
,,,,,,,
MG762615,,,,,,,
MG762610,,,,,,,
KX452687,,,,,,,
OK017777,,,,,,,
OK017778,,,,,,,
KX520658,,,,,,,
,,,,,,,
OK017776,,,,,,,
,,,,,,,
,,,,,,,
KU182975,,,,,,,
KU182978,,,,,,,
KU182976,,,,,,,
MN312622,,,,,,,
KX520661,,,,,,,
KX520660,,,,,,,
MN312667,,,,,,,
KU182984,,,,,,,
MN312613,,,,,,,
,,,,,,,
MG762614,,,,,,,
MG762612,,,,,,,
MG762609,,,,,,,
,,,,,,,
MG762613,,,,,,,
KX520653,,,,,,,
,,,,,,,
,,,,,,,
,,,,,,,
,,,,,,,
,,,,,,,
,,,,,,,
,,,,,,,
MG762668,,,,,,,
KY010629,,,,,,,
KY010643,,,,,,,
MG762669,,,,,,,
KY010645,,,,,,,
MG762665,,,,,,,
MG762671,,,,,,,
MG762670,,,,,,,
MG762672,,,,,,,
MW652321,,,,,,,
MW652322,,,,,,,
MW652323,,,,,,,
MT083186,,,,,,,
MT082038,,,,,,,
MT082036,,,,,,,
MT082035,,,,,,,
MT082033,,,,,,,
GU065422,,,,,,,
MG762620,,,,,,,
MT350585,,,,,,,
MG762659,,,,,,,
MT083138,,,,,,,
MN312670,,,,,,,
MT083140,,,,,,,
MG762622,,,,,,,
MN312669,,,,,,,
MN312668,,,,,,,
MG762664,,,,,,,
MG762657,,,,,,,
MG762663,,,,,,,
MG762624,,,,,,,
KX284917,,,,,,,
MT083139,,,,,,,
MG762623,,,,,,,
KX284915,,,,,,,
KX284931,,,,,,,
,,,,,,,
,,,,,,,
KY010646,,,,,,,
MT350584,,,,,,,
MG762626,,,,,,,
MT470443,,,,,,,
MG762666,,,,,,,
MG762641,,,,,,,
MG762638,,,,,,,
KU182989,,,,,,,
MG762667,,,,,,,
MG762639,,,,,,,
MG762651,,,,,,,
MG762637,,,,,,,
KU182991,,,,,,,
MG762636,,,,,,,
MG762652,,,,,,,
KU182990,,,,,,,
MT082304,,,,,,,
MT082303,,,,,,,
MW987539,,,,,,,
MT082300,,,,,,,
MT082298,,,,,,,
MT082294,,,,,,,
,,,,,,,
MT082302,,,,,,,
MG762653,,,,,,,
MG762629,,,,,,,
MG762643,,,,,,,
MG762646,,,,,,,
,,,,,,,
MG762635,,,,,,,
MG762640,,,,,,,
MG762634,,,,,,,
MT082297,,,,,,,
MG762648,,,,,,,
OK017808,,,,,,,
,,,,,,,
,,,,,,,
,,,,,,,
MH556985,,,,,,,
MH556982,,,,,,,
MH556975,,,,,,,
MH556971,,,,,,,
,,,,,,,
,,,,,,,
,,,,,,,
,,,,,,,
,,,,,,,
MF996632,,,,,,,
,,,,,,,
,,,,,,,
,,,,,,,
,,,,,,,
,,,,,,,
MT083260,,,,,,,
MT083259,,,,,,,
MT082226,,,,,,,
MT082224,,,,,,,
MT083258,,,,,,,
MT726045,,,,,,,
MT082227,,,,,,,
MT726043,,,,,,,
,,,,,,,
,,,,,,,
KT346240,,,,,,,
KT346247,,,,,,,
KT581588,,,,,,,
KT346246,,,,,,,
KT581593,,,,,,,
,,,,,,,
MG762650,,,,,,,
MH002342,,,,,,,
MN120513,,,,,,,
KX034099,,,,,,,
,,,,,,,
MG011353,,,,,,,
KT326819,,,,,,,
,,,,,,,
KX034100,,,,,,,
KX034098,,,,,,,
KX034097,,,,,,,
KX034096,,,,,,,
KX034094,,,,,,,
,,,,,,,
KT868875,,,,,,,
KT868874,,,,,,,
KT868872,,,,,,,
,,,,,,,
,,,,,,,
,,,,,,,
KT868865,,,,,,,
KU308549,,,,,,,
KT374057,,,,,,,
KT374056,,,,,,,
KT374054,,,,,,,
KT374053,,,,,,,
KT374052,,,,,,,
KT374050,,,,,,,
KT036374,,,,,,,
KT036373,,,,,,,
KT036372,,,,,,,
KT029139,,,,,,,
KT006149,,,,,,,
MT361640,,,,,,,
MN654990,,,,,,,
KY688122,,,,,,,
KY688121,,,,,,,
KT806046,,,,,,,
KC522090,,,,,,,
,,,,,,,
NC_019843,,,,,,,
MN758609,,,,,,,
MN758608,,,,,,,
MT576585,,,,,,,
,,,,,,,
KJ361500,,,,,,,
,,,,,,,
KX108943,,,,,,,
,,,,,,,
,,,,,,,
,,,,,,,
GU593319,,,,,,,
JQ173883,,,,,,,
,,,,,,,
KF850449,,,,,,,
FJ647221,,,,,,,
FJ647220,,,,,,,
FJ647218,,,,,,,
FJ884687,,,,,,,
FJ647225,,,,,,,
NC_048217,,,,,,,
KF268336,,,,,,,
FJ884686,,,,,,,
AY910861,,,,,,,
KF268338,,,,,,,
KF268339,,,,,,,
KF268337,,,,,,,
FJ647226,,,,,,,
,,,,,,,
FJ647219,,,,,,,
FJ647222,,,,,,,
,,,,,,,
AF208067,,,,,,,
MF618252,,,,,,,
,,,,,,,
JX169866,,,,,,,
FJ647223,,,,,,,
M55148,,,,,,,
AF208066,,,,,,,
AF207902,,,,,,,
AF201929,,,,,,,
FJ647224,,,,,,,
AB551247,,,,,,,
MW620427,,,,,,,
X73559,,,,,,,
X51939,,,,,,,
MZ293743,,,,,,,
AF207551,,,,,,,
JN874561,,,,,,,
JN874562,,,,,,,
JN874560,,,,,,,
EF446615,,,,,,,
MH687971,,,,,,,
MH687972,,,,,,,
MH687978,,,,,,,
MH687973,,,,,,,
MH687977,,,,,,,
MH687974,,,,,,,
MH687976,,,,,,,
MT820630,,,,,,,
KF294357,,,,,,,
NC_026011,,,,,,,
KM349744,,,,,,,
KM349743,,,,,,,
,,,,,,,
KY370047,,,,,,,
MT430884,,,,,,,
MT820628,,,,,,,
MT820629,,,,,,,
MH687975,,,,,,,
MT082108,,,,,,,
MT125557,,,,,,,
MT125559,,,,,,,
GU065421,,,,,,,
MT125560,,,,,,,
MT125556,,,,,,,
MT125400,,,,,,,
MT082089,,,,,,,
MT082087,,,,,,,
KX285425,,,,,,,
MT125558,,,,,,,
GU065420,,,,,,,
MT082088,,,,,,,
KX285758,,,,,,,
MT586854,,,,,,,
MT125407,,,,,,,
MT125408,,,,,,,
MT586865,,,,,,,
MT586856,,,,,,,
MT125420,,,,,,,
MT125375,,,,,,,
MT125442,,,,,,,
MT125404,,,,,,,
,,,,,,,
,,,,,,,
,,,,,,,
FJ938067,,,,,,,
EF424618,,,,,,,
EF424617,,,,,,,
MG757142,,,,,,,
EF424619,,,,,,,
FJ938066,,,,,,,
KX982264,,,,,,,
FJ425185,,,,,,,
MG757138,,,,,,,
FJ938063,,,,,,,
MF593476,,,,,,,
MN514964,,,,,,,
LC494186,,,,,,,
MF598598,,,,,,,
MF598718,,,,,,,
MF598719,,,,,,,
KX520656,,,,,,,
MW652309,,,,,,,
MW652313,,,,,,,
KX520655,,,,,,,
MN312838,,,,,,,
MN312684,,,,,,,
MN312828,,,,,,,
MN312675,,,,,,,
MN312677,,,,,,,
MN312676,,,,,,,
OM219643,,,,,,,
OM219642,,,,,,,
OM219645,,,,,,,
OM219640,,,,,,,
OM219649,,,,,,,
OM219641,,,,,,,
OM219648,,,,,,,
MG693172,,,,,,,
MN187553,,,,,,,
MT337384,,,,,,,
MT337385,,,,,,,
MK492263,,,,,,,
KU182994,,,,,,,
KX285731,,,,,,,
MN312841,,,,,,,
MN312836,,,,,,,
KU183000,,,,,,,
KU182998,,,,,,,
KX285725,,,,,,,
KX285727,,,,,,,
KX285755,,,,,,,
MN312839,,,,,,,
KU182995,,,,,,,
KU182999,,,,,,,
MN312837,,,,,,,
KU182974,,,,,,,
KX285729,,,,,,,
KX285783,,,,,,,
KU182992,,,,,,,
MT470444,,,,,,,
MT470445,,,,,,,
KX520662,,,,,,,
OV934850,,,,,,,
OV865235,,,,,,,
OM519226,,,,,,,
OM566529,,,,,,,
OV804300,,,,,,,
OM628467,,,,,,,
OM680366,,,,,,,
OM726045,,,,,,,
OM736486,,,,,,,
OM821053,,,,,,,
OM821054,,,,,,,
OM832013,,,,,,,
OV963976,,,,,,,
OW006634,,,,,,,
OM926923,,,,,,,
ON086064,,,,,,,
ON267397,,,,,,,
OW462444,,,,,,,
ON277894,,,,,,,
OV674477,,,,,,,
OL366539,,,,,,,
OV519543,,,,,,,
OW653973,,,,,,,
OW735600,,,,,,,
OK626971,,,,,,,
OL330542,,,,,,,
OL515769,,,,,,,
OL515975,,,,,,,
OW330712,,,,,,,
OM887703,,,,,,,
ON275086,,,,,,,
MW933727,,,,,,,
OK590992,,,,,,,
OL413958,,,,,,,
OL753860,,,,,,,
OL754187,,,,,,,
OM095689,,,,,,,
OM834626,,,,,,,
ON068133,,,,,,,
ON242487,,,,,,,
ON242489,,,,,,,
ON242518,,,,,,,
ON242533,,,,,,,
ON242549,,,,,,,
ON242558,,,,,,,
ON242569,,,,,,,
ON242571,,,,,,,
ON242575,,,,,,,
ON242578,,,,,,,
ON242583,,,,,,,
ON242808,,,,,,,
ON242991,,,,,,,
ON243006,,,,,,,
ON243207,,,,,,,
ON345896,,,,,,,
ON355880,,,,,,,
MW858619,,,,,,,
MZ908909,,,,,,,
OK327255,,,,,,,
OL494038,,,,,,,
OL914961,,,,,,,
OU998903,,,,,,,
OM060708,,,,,,,
OV597011,,,,,,,
OL989071,,,,,,,
OL989077,,,,,,,
OL346910,,,,,,,
OL353781,,,,,,,
OL925575,,,,,,,
OL940899,,,,,,,
MT064033,,,,,,,
MT064023,,,,,,,
MT064032,,,,,,,
MG738155,,,,,,,
MN183268,,,,,,,
KU556804,,,,,,,
MN183271,,,,,,,
OM030318,,,,,,,
MT082083,,,,,,,
MT082122,,,,,,,
OM470383,,,,,,,
MT082095,,,,,,,
MT082096,,,,,,,
KC633197,,,,,,,
MT082022,,,,,,,
MT082011,,,,,,,
FJ710049,,,,,,,
MT081978,,,,,,,
MT081979,,,,,,,
MT081980,,,,,,,
MT081982,,,,,,,
MT586840,,,,,,,
MT081981,,,,,,,
MT081976,,,,,,,
MT081977,,,,,,,
MT081973,,,,,,,
MT125494,,,,,,,
MT125493,,,,,,,
MT081974,,,,,,,
MT125495,,,,,,,
JX174638,,,,,,,
MT081975,,,,,,,
FJ710054,,,,,,,
MT063976,,,,,,,
MT063998,,,,,,,
MT063969,,,,,,,
MT063973,,,,,,,
MT064003,,,,,,,
MT063970,,,,,,,
MT063971,,,,,,,
MT082024,,,,,,,
OV659756,,,,,,,
MT082054,,,,,,,
FJ710047,,,,,,,
FJ710043,,,,,,,
MZ328294,,,,,,,
OU093609,,,,,,,
OM065382,,,,,,,
OU093629,,,,,,,
OU121186,,,,,,,
OM065376,,,,,,,
MN481975,,,,,,,
MN481974,,,,,,,
OM451212,,,,,,,
OM451213,,,,,,,
MW246802,,,,,,,
MH822886,,,,,,,
MG912600,,,,,,,
MG912595,,,,,,,
MG912602,,,,,,,
MG912605,,,,,,,
KM210277,,,,,,,
MG021451,,,,,,,
ON325308,,,,,,,
LC469308,,,,,,,
KX154694,,,,,,,
KF600644,,,,,,,
KF600645,,,,,,,
MH310910,,,,,,,
KC776174,,,,,,,
MG366881,,,,,,,
MG912596,,,,,,,
MG912599,,,,,,,
MG912606,,,,,,,
KT368873,,,,,,,
MG923472,,,,,,,
OL622036,,,,,,,
MZ328297,,,,,,,
KM210278,,,,,,,
MN481975,,,,,,,
KT861628,,,,,,,
MN481974,,,,,,,
KY581693,,,,,,,
LC469308,,,,,,,
ON325308,,,,,,,
MG021451,,,,,,,
KJ813439,,,,,,,
KP209308,,,,,,,
KT868870,,,,,,,
KT121578,,,,,,,
KT368853,,,,,,,
KT368888,,,,,,,
KF961221,,,,,,,
KT368834,,,,,,,
KF600613,,,,,,,
MF598631,,,,,,,
MG546330,,,,,,,
KT806052,,,,,,,
MT350598,,,,,,,
OU096837,,,,,,,
OU096784,,,,,,,
OU072662,,,,,,,
OX065463,,,,,,,
OW119887,,,,,,,
OM947624,,,,,,,
OM852632,,,,,,,
OM786400,,,,,,,
OM726658,,,,,,,
OM567407,,,,,,,
OM531342,,,,,,,
OV755134,,,,,,,
OM412772,,,,,,,
OM196377,,,,,,,
OL849794,,,,,,,
OU368601,,,,,,,
OU368584,,,,,,,
OU368451,,,,,,,
OU368425,,,,,,,
OU368421,,,,,,,
OU368209,,,,,,,
OU368173,,,,,,,
OU368168,,,,,,,
OU368105,,,,,,,
OM791160,,,,,,,
OW222283,,,,,,,
KU131212,,,,,,,
ON033630,,,,,,,
OV812838,,,,,,,
,,,,,,,
OM236413,,,,,,,
OL849795,,,,,,,
MW430982,,,,,,,
OL463199,,,,,,,
OW670676,,,,,,,
ON815551,,,,,,,
ON693493,,,,,,,
ON655061,,,,,,,
OL352791,,,,,,,
MN183191,,,,,,,
GU065389,,,,,,,
GU065433,,,,,,,
GU065432,,,,,,,
MT797360,,,,,,,
KU131214,,,,,,,
KU131213,,,,,,,
GU065431,,,,,,,
MT797351,,,,,,,
MT797309,,,,,,,
GU065441,,,,,,,
GU065382,,,,,,,
GU065374,,,,,,,
MT797362,,,,,,,
MT797355,,,,,,,
MT797344,,,,,,,
MT797305,,,,,,,
MT797313,,,,,,,
GU065379,,,,,,,
KU131210,,,,,,,
MT797314,,,,,,,
GU065442,,,,,,,
GU065430,,,,,,,
GU065395,,,,,,,
GU065377,,,,,,,
GU065375,,,,,,,
MT797369,,,,,,,
MT797349,,,,,,,
MT797340,,,,,,,
MT797338,,,,,,,
MT797330,,,,,,,
MT797320,,,,,,,
MT797312,,,,,,,
MT797310,,,,,,,
MT797301,,,,,,,
GU065439,,,,,,,
GU065396,,,,,,,
GU065390,,,,,,,
MT797378,,,,,,,
MT797375,,,,,,,
MT797370,,,,,,,
MT797366,,,,,,,
MT797365,,,,,,,
KY674921,,,,,,,
MK167038,,,,,,,
KY674943,,,,,,,
KY674942,,,,,,,
KY674941,,,,,,,
OL770285,,,,,,,
KY983584,,,,,,,
OL770286,,,,,,,
KY370049,,,,,,,
MT085175,,,,,,,
MT085172,,,,,,,
OM480511,,,,,,,
OM480526,,,,,,,
ON012458,,,,,,,
KX652380,,,,,,,
OM219646,,,,,,,
KX452689,,,,,,,
KU182983,,,,,,,
KU182982,,,,,,,
KU182980,,,,,,,
KU182988,,,,,,,
KU182987,,,,,,,
MW507190,,,,,,,
KX285759,,,,,,,
MW507196,,,,,,,
KU182981,,,,,,,
KU182977,,,,,,,
KU182979,,,,,,,
MW507201,,,,,,,
MT082229,,,,,,,
MT082301,,,,,,,
MG762660,,,,,,,
MG762625,,,,,,,
KX284918,,,,,,,
KX284916,,,,,,,
KX284921,,,,,,,
KX284923,,,,,,,
KX285067,,,,,,,
KX284934,,,,,,,
MN312630,,,,,,,
KX284926,,,,,,,
MG762662,,,,,,,
KT346232,,,,,,,
KT346229,,,,,,,
MT082228,,,,,,,
MK796425,,,,,,,
KX034093,,,,,,,
KT868877,,,,,,,
KT868871,,,,,,,
KT868869,,,,,,,
KT868867,,,,,,,
KJ361502,,,,,,,
KJ361499,,,,,,,
KJ156916,,,,,,,
JF792617,,,,,,,
JF792616,,,,,,,
MF416379,,,,,,,
JX169867,,,,,,,
FJ647227,,,,,,,
MF618253,,,,,,,
MZ328296,,,,,,,
,,,,,,,
JN857318,,,,,,,
JN857315,,,,,,,
JN857316,,,,,,,
JN857311,,,,,,,
MW987540,,,,,,,
MT082034,,,,,,,
MT125374,,,,,,,
MT125405,,,,,,,
KF530080,,,,,,,
KF530078,,,,,,,
KF530092,,,,,,,
KY014281,,,,,,,
KY014282,,,,,,,
KU131570,,,,,,,
KP198611,,,,,,,
KP198610,,,,,,,
MF314143,,,,,,,
LC654456,,,,,,,
KF530060,,,,,,,
LC315649,,,,,,,
KY967360,,,,,,,
KF530085,,,,,,,
KF530065,,,,,,,
KF530075,,,,,,,
KF530073,,,,,,,
KF530066,,,,,,,
KF530086,,,,,,,
KF530083,,,,,,,
KF923906,,,,,,,
KF530077,,,,,,,
KF530090,,,,,,,
KF530087,,,,,,,
KF530061,,,,,,,
KF530074,,,,,,,
KF923896,,,,,,,
KF530097,,,,,,,
LC654450,,,,,,,
MT118671,,,,,,,
MT118672,,,,,,,
AY391777,,,,,,,
AY585229,,,,,,,
KF530094,,,,,,,
KF530082,,,,,,,
KF530091,,,,,,,
KF530088,,,,,,,
KF530076,,,,,,,
KF530089,,,,,,,
KF530079,,,,,,,
KF530071,,,,,,,
KF530067,,,,,,,
AY903459,,,,,,,
KF530095,,,,,,,
KF530096,,,,,,,
OK662397,,,,,,,
KF923889,,,,,,,
MN026165,,,,,,,
KF530063,,,,,,,
KF530099,,,,,,,
KF923887,,,,,,,
KF530081,,,,,,,
KF923888,,,,,,,
KF923886,,,,,,,
KF530070,,,,,,,
KF923898,,,,,,,
KF530069,,,,,,,
KF530068,,,,,,,
MK303625,,,,,,,
MT118668,,,,,,,
LC654453,,,,,,,
MG197709,,,,,,,
MN310476,,,,,,,
MG197714,,,,,,,
KF923895,,,,,,,
MG197720,,,,,,,
MN306043,,,,,,,
MW052042,,,,,,,
MG197711,,,,,,,
MT501654,,,,,,,
MG197719,,,,,,,
MG197718,,,,,,,
MG197721,,,,,,,
OK318944,,,,,,,
MT501655,,,,,,,
OK318939,,,,,,,
OK318940,,,,,,,
MT501650,,,,,,,
AY903460,,,,,,,
OK391225,,,,,,,
OK318943,,,,,,,
OK318942,,,,,,,
JN129834,,,,,,,
JN129835,,,,,,,
OK391226,,,,,,,
KF923909,,,,,,,
KF923911,,,,,,,
KF923907,,,,,,,
KF923919,,,,,,,
LC315646,,,,,,,
MH828490,,,,,,,
LC654454,,,,,,,
LC654452,,,,,,,
LC654451,,,,,,,
OK318947,,,,,,,
MW202339,,,,,,,
MF374984,,,,,,,
MT586853,,,,,,,
MT082114,,,,,,,
MT082113,,,,,,,
MH170074,,,,,,,
U00735,,,,,,,
KF430203,,,,,,,
KF430198,,,,,,,
MK303620,,,,,,,
MG977451,,,,,,,
OK391227,,,,,,,
OK500298,,,,,,,
,,,,,,,
,,,,,,,
MH810163,,,,,,,
KF530098,,,,,,,
KF530084,,,,,,,
KF923905,,,,,,,
KF923900,,,,,,,
KF923899,,,,,,,
OK318917,,,,,,,
KY994645,,,,,,,
MW165134,,,,,,,
KY419103,,,,,,,
KY419110,,,,,,,
KY419104,,,,,,,
KY419112,,,,,,,
KY419105,,,,,,,
KY419113,,,,,,,
KY419109,,,,,,,
KY419107,,,,,,,
KY419106,,,,,,,
LC061274,,,,,,,
LC061273,,,,,,,
LC592689,,,,,,,
MZ562881,,,,,,,
OM937885,,,,,,,
OL770366,,,,,,,
ON311591,,,,,,,
ON210393,,,,,,,
ON144087,,,,,,,
ON143146,,,,,,,
ON111985,,,,,,,
ON084544,,,,,,,
ON174594,,,,,,,
ON143433,,,,,,,
ON143177,,,,,,,
ON425150,,,,,,,
ON402093,,,,,,,
ON347034,,,,,,,
ON294419,,,,,,,
ON174413,,,,,,,
ON144058,,,,,,,
ON144048,,,,,,,
ON141056,,,,,,,
ON620907,,,,,,,
ON402067,,,,,,,
ON347869,,,,,,,
ON528499,,,,,,,
ON453008,,,,,,,
ON174684,,,,,,,
ON489086,,,,,,,
ON091619,,,,,,,
ON823421,,,,,,,
ON694714,,,,,,,
ON690726,,,,,,,
ON674959,,,,,,,
OW856892,,,,,,,
ON296087,,,,,,,
ON234016,,,,,,,
OM933248,,,,,,,
OV949323,,,,,,,
ON467560,,,,,,,
OW289170,,,,,,,
ON311637,,,,,,,
ON203749,,,,,,,
ON178396,,,,,,,
ON057638,,,,,,,
OM998880,,,,,,,
ON702718,,,,,,,
ON657008,,,,,,,
ON535341,,,,,,,
OW980018,,,,,,,
OW979873,,,,,,,
OW975618,,,,,,,
OW975426,,,,,,,
OW974845,,,,,,,
OW973351,,,,,,,
OX025113,,,,,,,
OX024961,,,,,,,
OX081287,,,,,,,
OX077314,,,,,,,
OX074712,,,,,,,
OX072894,,,,,,,
OX027743,,,,,,,
OW975183,,,,,,,
ON829447,,,,,,,
ON780189,,,,,,,
ON764530,,,,,,,
ON739464,,,,,,,
ON690204,,,,,,,
ON678996,,,,,,,
ON673451,,,,,,,
ON635986,,,,,,,
ON632550,,,,,,,
ON611602,,,,,,,
ON610663,,,,,,,
OW872049,,,,,,,
OW865141,,,,,,,
ON574039,,,,,,,
ON573973,,,,,,,
OW853644,,,,,,,
OW819171,,,,,,,
ON549838,,,,,,,
ON549732,,,,,,,
ON542043,,,,,,,
ON541834,,,,,,,
ON541574,,,,,,,
ON530613,,,,,,,
ON523385,,,,,,,
ON522356,,,,,,,
ON521506,,,,,,,
ON519138,,,,,,,
ON503923,,,,,,,
ON503370,,,,,,,
ON503156,,,,,,,
ON490454,,,,,,,
ON489349,,,,,,,
OW742511,,,,,,,
OW679170,,,,,,,
ON463080,,,,,,,
ON452975,,,,,,,
ON449590,,,,,,,
ON452401,,,,,,,
OX075900,,,,,,,
OX073775,,,,,,,
OX071787,,,,,,,
,,,,,,,
,,,,,,,
OL928766,,,,,,,
OL759951,,,,,,,
OL649011,,,,,,,
OM258815,,,,,,,
ON471999,,,,,,,
OM338155,,,,,,,
OL921954,,,,,,,
OL783429,,,,,,,
OL535925,,,,,,,
OK552361,,,,,,,
OK525563,,,,,,,
OK501958,,,,,,,
OK372002,,,,,,,
OK350317,,,,,,,
OK139469,,,,,,,
OK139407,,,,,,,
OK085258,,,,,,,
OK044970,,,,,,,
OK034437,,,,,,,
OL650395,,,,,,,
OL531181,,,,,,,
OL530026,,,,,,,
OL529348,,,,,,,
OK531611,,,,,,,
OK529670,,,,,,,
OK508338,,,,,,,
OK257225,,,,,,,
ON473473,,,,,,,
OM689042,,,,,,,
OM689041,,,,,,,
OM328448,,,,,,,
OL939048,,,,,,,
OL903056,,,,,,,
OL888244,,,,,,,
OL747854,,,,,,,
OL531334,,,,,,,
OL527437,,,,,,,
OL530786,,,,,,,
OL526977,,,,,,,
OL526887,,,,,,,
OL529905,,,,,,,
OL529194,,,,,,,
OL529032,,,,,,,
OL524927,,,,,,,
OL535949,,,,,,,
OL524416,,,,,,,
OL524055,,,,,,,
OL534973,,,,,,,
OL533287,,,,,,,
OL532460,,,,,,,
OL522964,,,,,,,
OL522346,,,,,,,
OL373857,,,,,,,
OK658014,,,,,,,
OK657975,,,,,,,
OK654504,,,,,,,
OK652811,,,,,,,
OK652772,,,,,,,
OK652756,,,,,,,
OK652730,,,,,,,
OK652669,,,,,,,
OK652661,,,,,,,
OK626970,,,,,,,
OK613942,,,,,,,
OK613476,,,,,,,
OK552494,,,,,,,
OK551224,,,,,,,
OK551035,,,,,,,
OK530348,,,,,,,
OK530073,,,,,,,
OK529638,,,,,,,
OK501831,,,,,,,
OK492490,,,,,,,
OK492488,,,,,,,
OK415955,,,,,,,
OK415934,,,,,,,
OK335511,,,,,,,
OK331237,,,,,,,
OK331193,,,,,,,
OK139348,,,,,,,
OK045876,,,,,,,
OK045386,,,,,,,
OK020646,,,,,,,
OK139258,,,,,,,
OL573097,,,,,,,
OL399995,,,,,,,
OL386266,,,,,,,
OL383197,,,,,,,
OK604233,,,,,,,
OK567006,,,,,,,
OK385709,,,,,,,
OK330890,,,,,,,
OK303824,,,,,,,
OK227224,,,,,,,
OK165814,,,,,,,
OK023638,,,,,,,
ON473937,,,,,,,
OL529707,,,,,,,
,,,,,,,
ON316105,,,,,,,
ON316106,,,,,,,
ON316107,,,,,,,
ON316108,,,,,,,
ON316109,,,,,,,
ON316110,,,,,,,
ON316111,,,,,,,
ON316112,,,,,,,
ON316113,,,,,,,
ON316114,,,,,,,
ON316115,,,,,,,
ON316116,,,,,,,
ON316117,,,,,,,
ON316118,,,,,,,
ON316119,,,,,,,
ON316120,,,,,,,
ON316121,,,,,,,
ON316122,,,,,,,
ON316123,,,,,,,
ON316124,,,,,,,
ON316125,,,,,,,
ON316126,,,,,,,
ON316127,,,,,,,
ON316128,,,,,,,
ON316129,,,,,,,
ON316130,,,,,,,
ON316131,,,,,,,
ON316132,,,,,,,
ON316133,,,,,,,
ON316134,,,,,,,
ON316135,,,,,,,
ON316136,,,,,,,
ON316137,,,,,,,
ON316138,,,,,,,
ON316139,,,,,,,
ON316140,,,,,,,
ON316141,,,,,,,
ON316142,,,,,,,
ON316143,,,,,,,
ON316144,,,,,,,
ON316145,,,,,,,
ON316146,,,,,,,
ON316147,,,,,,,
ON316148,,,,,,,
ON316149,,,,,,,
ON316150,,,,,,,
ON316151,,,,,,,
ON316152,,,,,,,
ON316153,,,,,,,
ON316154,,,,,,,
ON316155,,,,,,,
ON316156,,,,,,,
ON316157,,,,,,,
ON316158,,,,,,,
ON316159,,,,,,,
ON316160,,,,,,,
ON316161,,,,,,,
ON316162,,,,,,,
ON316163,,,,,,,
ON316164,,,,,,,
ON316165,,,,,,,
ON316166,,,,,,,
ON316167,,,,,,,
ON316168,,,,,,,
ON316169,,,,,,,
ON316170,,,,,,,
ON316171,,,,,,,
ON316172,,,,,,,
ON316173,,,,,,,
ON316174,,,,,,,
ON316175,,,,,,,
ON316176,,,,,,,
ON316177,,,,,,,
ON316178,,,,,,,
ON316179,,,,,,,
ON316180,,,,,,,
ON316181,,,,,,,
ON316182,,,,,,,
ON316183,,,,,,,
ON316184,,,,,,,
ON316185,,,,,,,
ON316186,,,,,,,
ON316187,,,,,,,
ON316188,,,,,,,
ON316189,,,,,,,
ON316190,,,,,,,
ON316191,,,,,,,
ON316192,,,,,,,
ON316193,,,,,,,
ON316194,,,,,,,
ON316195,,,,,,,
ON316196,,,,,,,
ON316197,,,,,,,
ON316198,,,,,,,
ON316199,,,,,,,
ON316200,,,,,,,
ON316201,,,,,,,
ON316202,,,,,,,
ON316203,,,,,,,
ON316204,,,,,,,
ON316205,,,,,,,
ON316206,,,,,,,
ON316207,,,,,,,
ON316208,,,,,,,
ON316209,,,,,,,
ON316210,,,,,,,
ON316211,,,,,,,
ON316212,,,,,,,
ON316213,,,,,,,
ON316214,,,,,,,
ON316215,,,,,,,
ON316216,,,,,,,
ON316217,,,,,,,
ON316218,,,,,,,
ON316219,,,,,,,
ON316220,,,,,,,
ON316221,,,,,,,
ON316222,,,,,,,
ON316223,,,,,,,
ON316224,,,,,,,
ON316225,,,,,,,
ON316226,,,,,,,
ON316227,,,,,,,
ON316228,,,,,,,
ON316229,,,,,,,
ON316230,,,,,,,
ON316231,,,,,,,
ON316232,,,,,,,
ON316233,,,,,,,
ON316234,,,,,,,
ON316235,,,,,,,
ON316236,,,,,,,
ON316237,,,,,,,
ON316238,,,,,,,
ON316239,,,,,,,
,,,,,,,
,,,,,,,
EF682498,,,,,,,
KX538973,,,,,,,
KF923891,,,,,,,
KF923912,,,,,,,
KF923920,,,,,,,
KF923901,,,,,,,
KF923890,,,,,,,
KF923910,,,,,,,
KF923894,,,,,,,
KF923892,,,,,,,
KF923914,,,,,,,
KY554972,,,,,,,
KY554973,,,,,,,
KF923916,,,,,,,
OK318946,,,,,,,
KF923917,,,,,,,
KF923915,,,,,,,
KF923908,,,,,,,
KY674918,,,,,,,
KF923921,,,,,,,
KY554975,,,,,,,
KY554974,,,,,,,
KY674917,,,,,,,
KF923913,,,,,,,
KF923923,,,,,,,
MW532110,,,,,,,
KX344031,,,,,,,
KF923922,,,,,,,
MW532111,,,,,,,
MK303621,,,,,,,
KF923918,,,,,,,
KF923893,,,,,,,
KF923925,,,,,,,
KX538971,,,,,,,
KF923903,,,,,,,
KX538977,,,,,,,
KX538969,,,,,,,
KF923904,,,,,,,
KJ958219,,,,,,,
KY674920,,,,,,,
KX538968,,,,,,,
KX538965,,,,,,,
KX538967,,,,,,,
KF923924,,,,,,,
KX538974,,,,,,,
KX538972,,,,,,,
KX538964,,,,,,,
KJ958218,,,,,,,
MK303619,,,,,,,
KF923897,,,,,,,
KX538970,,,,,,,
KF923902,,,,,,,
MK303624,,,,,,,
KX538966,,,,,,,
KX538976,,,,,,,
KX538978,,,,,,,
KX538975,,,,,,,
MW532112,,,,,,,
KX538979,,,,,,,
MK303622,,,,,,,
OL770287,,,,,,,
LC315648,,,,,,,
LC315647,,,,,,,
OL770288,,,,,,,
MG197713,,,,,,,
OK318918,,,,,,,
OK318941,,,,,,,
MW587042,,,,,,,
MN306041,,,,,,,
MT118673,,,,,,,
MT118678,,,,,,,
MN306042,,,,,,,
OK500305,,,,,,,
MT118685,,,,,,,
LC687400,,,,,,,
LC687398,,,,,,,
MN306053,,,,,,,
LC687399,,,,,,,
MW532117,,,,,,,
MT118683,,,,,,,
OK500304,,,,,,,
MW938760,,,,,,,
MZ450972,,,,,,,
OK500303,,,,,,,
MW532118,,,,,,,
MT118692,,,,,,,
MW587040,,,,,,,
MH121121,,,,,,,
KY369907,,,,,,,
MF374985,,,,,,,
MT118667,,,,,,,
KY369906,,,,,,,
MW532113,,,,,,,
KY983585,,,,,,,
KY983583,,,,,,,
KY967358,,,,,,,
KY684759,,,,,,,
KY369905,,,,,,,
MW532114,,,,,,,
KY967359,,,,,,,
MW532115,,,,,,,
MW532116,,,,,,,
MF374983,,,,,,,
MG197723,,,,,,,
MN026164,,,,,,,
MG977449,,,,,,,
MG197710,,,,,,,
KY983588,,,,,,,
OK500302,,,,,,,
OK660564,,,,,,,
OK613192,,,,,,,
OL533600,,,,,,,
OL533221,,,,,,,
OL535773,,,,,,,
OL522857,,,,,,,
OL530800,,,,,,,
OL526976,,,,,,,
OL530506,,,,,,,
OL526764,,,,,,,
OL526239,,,,,,,
OL535966,,,,,,,
OL535894,,,,,,,
OL535376,,,,,,,
OL533537,,,,,,,
OL532205,,,,,,,
OL864808,,,,,,,
OL526933,,,,,,,
OL526163,,,,,,,
OL526148,,,,,,,
OL524822,,,,,,,
OL524649,,,,,,,
OL535357,,,,,,,
OL533017,,,,,,,
OK300699,,,,,,,
OL805334,,,,,,,
OL530744,,,,,,,
OL526564,,,,,,,
OL530114,,,,,,,
OL530033,,,,,,,
OL529920,,,,,,,
OL529880,,,,,,,
OL526107,,,,,,,
OL525940,,,,,,,
OL525876,,,,,,,
OL535797,,,,,,,
OL535656,,,,,,,
OL535608,,,,,,,
OL533480,,,,,,,
OL533326,,,,,,,
OL533122,,,,,,,
OL532561,,,,,,,
OL522831,,,,,,,
OL522237,,,,,,,
OL506688,,,,,,,
OL501144,,,,,,,
OL499010,,,,,,,
OL359025,,,,,,,
OK660209,,,,,,,
OK660056,,,,,,,
OK613638,,,,,,,
OK045667,,,,,,,
OL525811,,,,,,,
OK571336,,,,,,,
OK176661,,,,,,,
OL525291,,,,,,,
OL535327,,,,,,,
OM235508,,,,,,,
OL896486,,,,,,,
OL896430,,,,,,,
OL752120,,,,,,,
OL752064,,,,,,,
OL727861,,,,,,,
OL680729,,,,,,,
OL680190,,,,,,,
OL649388,,,,,,,
OL649184,,,,,,,
OL595545,,,,,,,
OL527184,,,,,,,
OL530809,,,,,,,
OL530688,,,,,,,
OL530668,,,,,,,
OL526609,,,,,,,
OL526397,,,,,,,
OL526344,,,,,,,
OL526319,,,,,,,
OL526017,,,,,,,
OL525920,,,,,,,
OL525881,,,,,,,
OL525474,,,,,,,
OL525340,,,,,,,
OL525288,,,,,,,
OL524793,,,,,,,
OL535801,,,,,,,
OL533162,,,,,,,
OL533120,,,,,,,
OL533026,,,,,,,
OL532978,,,,,,,
OL532750,,,,,,,
OL532564,,,,,,,
OL532445,,,,,,,
OL532390,,,,,,,
OL532355,,,,,,,
OL532246,,,,,,,
OL522949,,,,,,,
OL532808,,,,,,,
OL864664,,,,,,,
OL532894,,,,,,,
OL525634,,,,,,,
,,,,,,,
,,,,,,,
MG977447,,,,,,,
MG977445,,,,,,,
MH685718,,,,,,,
MG197715,,,,,,,